Time_ID,Start_Time,End_Time
1,2016-02-08 05:46:00,2016-02-08 11:00:00
2,2016-02-08 06:07:59,2016-02-08 06:37:59
3,2016-02-08 06:49:27,2016-02-08 07:19:27
4,2016-02-08 07:23:34,2016-02-08 07:53:34
5,2016-02-08 07:39:07,2016-02-08 08:09:07
6,2016-02-08 07:44:26,2016-02-08 08:14:26
7,2016-02-08 07:59:35,2016-02-08 08:29:35
8,2016-02-08 07:59:58,2016-02-08 08:29:58
9,2016-02-08 08:00:40,2016-02-08 08:30:40
10,2016-02-08 08:10:04,2016-02-08 08:40:04
11,2016-02-08 08:14:42,2016-02-08 08:44:42
12,2016-02-08 08:21:27,2016-02-08 08:51:27
13,2016-02-08 08:36:34,2016-02-08 09:06:34
14,2016-02-08 08:37:07,2016-02-08 09:07:07
15,2016-02-08 08:39:43,2016-02-08 09:09:43
16,2016-02-08 08:43:20,2016-02-08 09:13:20
17,2016-02-08 08:53:17,2016-02-08 09:23:17
18,2016-02-08 09:24:37,2016-02-08 09:54:37
19,2016-02-08 09:25:17,2016-02-08 09:55:17
20,2016-02-08 09:35:35,2016-02-08 10:05:35
21,2016-02-08 10:11:15,2016-02-08 10:41:15
22,2016-02-08 10:24:27,2016-02-08 10:54:27
23,2016-02-08 11:53:19,2016-02-08 12:23:19
24,2016-02-08 12:00:00,2016-02-08 12:45:00
25,2016-02-08 12:16:44,2016-02-08 13:01:44
26,2016-02-08 12:41:08,2016-02-08 13:11:08
27,2016-02-08 12:52:05,2016-02-08 13:37:05
28,2016-02-08 14:24:48,2016-02-08 15:09:48
29,2016-02-08 14:56:57,2016-02-08 15:41:57
30,2016-02-08 15:26:14,2016-02-08 16:11:14
31,2016-02-08 16:16:08,2016-02-08 16:46:08
32,2016-02-08 17:39:24,2016-02-08 18:24:24
33,2016-02-08 18:24:00,2016-02-08 21:00:00
34,2016-02-08 19:28:00,2016-02-08 21:00:00
35,2016-02-08 20:22:38,2016-02-08 21:07:38
36,2016-02-08 20:43:00,2016-02-08 23:00:00
37,2016-02-09 04:28:48,2016-02-09 04:58:48
38,2016-02-09 05:04:34,2016-02-09 05:34:34
39,2016-02-09 05:17:08,2016-02-09 05:47:08
40,2016-02-09 05:27:20,2016-02-09 05:57:20
41,2016-02-09 05:40:57,2016-02-09 06:10:57
42,2016-02-09 05:47:16,2016-02-09 06:17:16
43,2016-02-09 05:56:10,2016-02-09 06:26:10
44,2016-02-09 06:06:45,2016-02-09 06:36:45
45,2016-02-09 06:13:33,2016-02-09 06:43:33
46,2016-02-09 06:12:49,2016-02-09 06:42:49
47,2016-02-09 06:21:50,2016-02-09 06:51:50
48,2016-02-09 06:20:46,2016-02-09 06:50:46
49,2016-02-09 06:34:41,2016-02-09 07:04:41
50,2016-02-09 06:41:09,2016-02-09 07:11:09
51,2016-02-09 06:48:18,2016-02-09 07:18:18
52,2016-02-09 06:53:09,2016-02-09 07:23:09
53,2016-02-09 06:54:31,2016-02-09 07:24:31
54,2016-02-09 07:03:20,2016-02-09 07:33:20
55,2016-02-09 07:05:37,2016-02-09 07:35:37
56,2016-02-09 07:04:58,2016-02-09 07:34:58
57,2016-02-09 07:15:41,2016-02-09 07:45:41
58,2016-02-09 07:41:01,2016-02-09 08:11:01
59,2016-02-09 07:42:43,2016-02-09 08:12:43
60,2016-02-09 07:42:11,2016-02-09 08:12:11
61,2016-02-09 07:46:41,2016-02-09 08:16:41
62,2016-02-09 07:54:44,2016-02-09 08:24:44
63,2016-02-09 08:06:39,2016-02-09 08:36:39
64,2016-02-09 08:12:44,2016-02-09 08:42:44
65,2016-02-09 08:10:20,2016-02-09 08:40:20
66,2016-02-09 08:23:36,2016-02-09 08:53:36
67,2016-02-09 08:24:29,2016-02-09 08:54:29
68,2016-02-09 08:20:30,2016-02-09 08:50:30
69,2016-02-09 08:35:53,2016-02-09 09:05:53
70,2016-02-09 10:06:46,2016-02-09 10:36:46
71,2016-02-09 11:09:37,2016-02-09 11:39:37
72,2016-02-10 06:18:16,2016-02-10 06:48:16
73,2016-02-10 06:06:00,2016-02-10 09:06:00
74,2016-02-10 06:24:29,2016-02-10 06:54:29
75,2016-02-10 06:53:02,2016-02-10 07:23:02
76,2016-02-10 07:50:52,2016-02-10 08:20:52
77,2016-02-10 07:50:08,2016-02-10 08:20:08
78,2016-02-10 08:01:30,2016-02-10 08:31:30
79,2016-02-10 08:08:36,2016-02-10 08:38:36
80,2016-02-10 08:11:22,2016-02-10 08:41:22
81,2016-02-10 08:50:54,2016-02-10 09:20:54
82,2016-02-10 09:03:53,2016-02-10 09:33:53
83,2016-02-10 09:42:04,2016-02-10 10:12:04
84,2016-02-10 10:38:58,2016-02-10 11:08:58
85,2016-02-10 17:10:00,2016-02-10 23:59:00
86,2016-02-10 18:09:00,2016-02-10 23:59:00
87,2016-02-10 18:41:44,2016-02-10 19:11:44
88,2016-02-11 05:32:29,2016-02-11 06:02:29
89,2016-02-11 05:30:51,2016-02-11 06:00:51
90,2016-02-11 06:10:07,2016-02-11 06:40:07
91,2016-02-11 06:20:28,2016-02-11 06:50:28
92,2016-02-11 06:29:00,2016-02-11 21:00:00
93,2016-02-11 07:17:58,2016-02-11 07:47:58
94,2016-02-11 07:18:39,2016-02-11 07:48:39
95,2016-02-11 07:21:55,2016-02-11 07:51:55
96,2016-02-11 07:28:16,2016-02-11 07:58:16
97,2016-02-11 07:29:06,2016-02-11 08:18:10
98,2016-02-11 07:53:55,2016-02-11 08:23:55
99,2016-02-11 08:07:02,2016-02-11 08:37:02
100,2016-02-11 08:13:24,2016-02-11 08:43:24
101,2016-02-11 08:23:17,2016-02-11 08:53:17
102,2016-02-11 08:34:14,2016-02-11 09:04:14
103,2016-02-11 08:29:21,2016-02-11 08:59:21
104,2016-02-11 09:16:13,2016-02-11 10:01:13
105,2016-02-11 09:31:23,2016-02-11 10:01:23
106,2016-02-11 09:37:31,2016-02-11 10:07:31
107,2016-02-11 09:46:39,2016-02-11 10:16:39
108,2016-02-11 10:48:29,2016-02-11 11:18:29
109,2016-02-11 10:53:56,2016-02-11 11:23:56
110,2016-02-11 11:21:42,2016-02-11 11:51:42
111,2016-02-11 12:24:45,2016-02-11 13:09:45
112,2016-02-11 12:24:18,2016-02-11 12:54:18
113,2016-02-11 13:44:46,2016-02-11 14:14:46
114,2016-02-11 14:16:49,2016-02-11 14:46:49
115,2016-02-11 15:34:06,2016-02-11 16:19:06
116,2016-02-11 16:34:27,2016-02-11 17:19:27
117,2016-02-11 17:10:00,2016-02-11 20:00:00
118,2016-02-11 18:27:00,2016-02-11 21:00:00
119,2016-02-11 19:11:00,2016-02-11 21:00:00
120,2016-02-11 19:22:00,2016-02-11 21:00:00
121,2016-02-11 20:48:00,2016-02-11 23:54:00
122,2016-02-12 16:16:51,2016-02-12 17:01:51
123,2016-02-12 16:42:52,2016-02-12 17:27:52
124,2016-02-12 17:47:41,2016-02-12 18:52:13
125,2016-02-12 20:04:00,2016-02-12 23:59:00
126,2016-02-12 20:12:00,2016-02-12 23:59:00
127,2016-02-12 20:41:00,2016-02-12 23:59:00
128,2016-02-12 23:48:00,2016-02-13 01:00:00
129,2016-02-13 11:05:00,2016-02-13 11:35:00
130,2016-02-13 11:05:21,2016-02-13 12:05:21
131,2016-02-13 11:17:01,2016-02-13 12:17:01
132,2016-02-13 11:25:42,2016-02-13 11:55:42
133,2016-02-13 12:56:31,2016-02-13 13:26:31
134,2016-02-13 12:55:47,2016-02-13 13:25:47
135,2016-02-14 10:13:00,2016-02-14 23:59:00
136,2016-02-14 10:49:23,2016-02-14 11:19:23
137,2016-02-14 10:41:57,2016-02-14 11:11:57
138,2016-02-14 18:15:23,2016-02-14 19:30:00
139,2016-02-14 19:17:01,2016-02-14 20:30:00
140,2016-02-15 04:53:47,2016-02-15 05:23:47
141,2016-02-15 05:22:00,2016-02-15 05:52:00
142,2016-02-15 05:42:25,2016-02-15 06:12:25
143,2016-02-15 06:36:00,2016-02-15 09:00:00
144,2016-02-15 07:02:39,2016-02-15 07:32:39
145,2016-02-15 07:17:51,2016-02-15 07:47:51
146,2016-02-15 07:15:56,2016-02-15 07:45:56
147,2016-02-15 07:07:00,2016-02-15 10:00:00
148,2016-02-15 07:23:58,2016-02-15 07:53:58
149,2016-02-15 07:28:24,2016-02-15 07:58:24
150,2016-02-15 07:37:49,2016-02-15 08:07:49
151,2016-02-15 07:46:58,2016-02-15 08:16:58
152,2016-02-15 07:52:29,2016-02-15 08:22:29
153,2016-02-15 08:00:58,2016-02-15 08:30:58
154,2016-02-15 08:11:33,2016-02-15 08:41:33
155,2016-02-15 08:10:15,2016-02-15 08:40:15
156,2016-02-15 08:15:01,2016-02-15 09:04:00
157,2016-02-15 08:31:47,2016-02-15 09:01:47
158,2016-02-15 08:39:04,2016-02-15 09:09:04
159,2016-02-15 11:31:02,2016-02-15 12:01:02
160,2016-02-15 12:30:47,2016-02-15 13:15:47
161,2016-02-15 12:34:50,2016-02-15 13:19:50
162,2016-02-15 12:53:44,2016-02-15 13:23:44
163,2016-02-15 17:22:10,2016-02-15 18:07:10
164,2016-02-15 18:27:18,2016-02-15 19:12:18
165,2016-02-15 19:37:18,2016-02-15 20:22:18
166,2016-02-15 21:09:25,2016-02-15 21:39:25
167,2016-02-16 04:05:51,2016-02-16 04:35:51
168,2016-02-16 04:32:29,2016-02-16 05:02:29
169,2016-02-16 05:22:24,2016-02-16 05:52:24
170,2016-02-16 05:37:52,2016-02-16 06:07:52
171,2016-02-16 06:05:20,2016-02-16 06:50:20
172,2016-02-16 06:17:32,2016-02-16 06:47:32
173,2016-02-16 06:32:55,2016-02-16 07:02:55
174,2016-02-16 06:29:15,2016-02-16 06:59:15
175,2016-02-16 06:39:15,2016-02-16 07:09:15
176,2016-02-16 06:34:11,2016-02-16 07:04:11
177,2016-02-16 06:47:00,2016-02-16 07:17:00
178,2016-02-16 06:50:07,2016-02-16 07:20:07
179,2016-02-16 06:50:44,2016-02-16 07:20:44
180,2016-02-16 07:02:31,2016-02-16 07:32:31
181,2016-02-16 07:10:35,2016-02-16 07:40:35
182,2016-02-16 07:12:17,2016-02-16 07:42:17
183,2016-02-16 07:29:07,2016-02-16 07:59:07
184,2016-02-16 07:52:41,2016-02-16 08:22:41
185,2016-02-16 07:55:23,2016-02-16 08:25:23
186,2016-02-16 07:56:09,2016-02-16 08:26:09
187,2016-02-16 07:58:47,2016-02-16 08:28:47
188,2016-02-16 08:13:51,2016-02-16 08:43:51
189,2016-02-16 08:20:32,2016-02-16 08:50:32
190,2016-02-16 08:26:30,2016-02-16 08:56:30
191,2016-02-16 08:36:20,2016-02-16 09:06:20
192,2016-02-16 08:42:17,2016-02-16 09:12:17
193,2016-02-16 08:41:46,2016-02-16 09:11:46
194,2016-02-16 08:57:31,2016-02-16 09:27:31
195,2016-02-16 10:03:00,2016-02-16 13:00:00
196,2016-02-16 10:58:52,2016-02-16 11:28:52
197,2016-02-16 11:12:18,2016-02-16 11:42:18
198,2016-02-16 11:11:35,2016-02-16 11:41:35
199,2016-02-16 11:10:17,2016-02-16 11:40:17
200,2016-02-16 11:11:03,2016-02-16 11:41:03
201,2016-02-16 11:32:10,2016-02-16 12:02:10
202,2016-02-16 13:46:09,2016-02-16 14:16:09
203,2016-02-16 14:02:11,2016-02-16 14:47:11
204,2016-02-16 16:47:00,2016-02-16 21:00:00
205,2016-02-17 05:31:16,2016-02-17 06:01:16
206,2016-02-17 05:45:55,2016-02-17 06:15:55
207,2016-02-17 06:27:01,2016-02-17 06:57:01
208,2016-02-17 06:32:23,2016-02-17 07:02:23
209,2016-02-17 06:44:13,2016-02-17 07:14:13
210,2016-02-17 07:10:58,2016-02-17 07:40:58
211,2016-02-17 07:14:08,2016-02-17 07:44:08
212,2016-02-17 07:22:56,2016-02-17 07:52:56
213,2016-02-17 07:29:02,2016-02-17 07:59:02
214,2016-02-17 07:30:19,2016-02-17 08:00:19
215,2016-02-17 07:40:55,2016-02-17 08:10:55
216,2016-02-17 07:39:25,2016-02-17 08:09:25
217,2016-02-17 07:43:28,2016-02-17 08:13:28
218,2016-02-17 07:52:09,2016-02-17 08:22:09
219,2016-02-17 08:02:55,2016-02-17 08:32:55
220,2016-02-17 08:04:44,2016-02-17 08:34:44
221,2016-02-17 07:49:00,2016-02-17 21:00:00
222,2016-02-17 08:17:11,2016-02-17 08:47:11
223,2016-02-17 08:28:56,2016-02-17 08:58:56
224,2016-02-17 08:33:39,2016-02-17 09:03:39
225,2016-02-17 08:59:18,2016-02-17 09:29:18
226,2016-02-17 10:00:29,2016-02-17 10:30:29
227,2016-02-17 10:19:04,2016-02-17 10:49:05
228,2016-02-17 10:32:29,2016-02-17 11:02:29
229,2016-02-17 10:22:00,2016-02-17 21:00:00
230,2016-02-17 12:57:34,2016-02-17 13:27:34
231,2016-02-17 13:25:09,2016-02-17 14:10:09
232,2016-02-17 17:17:12,2016-02-17 18:02:12
233,2016-02-18 04:25:02,2016-02-18 04:55:02
234,2016-02-18 05:46:52,2016-02-18 06:16:52
235,2016-02-18 06:27:59,2016-02-18 06:57:59
236,2016-02-18 07:00:26,2016-02-18 07:30:26
237,2016-02-18 07:47:17,2016-02-18 08:17:17
238,2016-02-18 07:51:15,2016-02-18 08:21:15
239,2016-02-18 07:49:43,2016-02-18 08:19:43
240,2016-02-18 07:55:22,2016-02-18 08:25:22
241,2016-02-18 07:50:11,2016-02-18 08:20:11
242,2016-02-18 08:01:09,2016-02-18 08:31:09
243,2016-02-18 08:00:26,2016-02-18 08:30:26
244,2016-02-18 08:15:01,2016-02-18 08:45:01
245,2016-02-18 08:12:56,2016-02-18 08:42:56
246,2016-02-18 08:15:59,2016-02-18 08:45:59
247,2016-02-18 08:20:00,2016-02-18 08:50:00
248,2016-02-18 08:22:38,2016-02-18 08:52:38
249,2016-02-18 08:29:38,2016-02-18 08:59:38
250,2016-02-18 08:37:28,2016-02-18 09:07:28
251,2016-02-18 08:39:27,2016-02-18 09:09:27
252,2016-02-18 08:48:51,2016-02-18 09:18:51
253,2016-02-18 08:51:29,2016-02-18 09:21:29
254,2016-02-18 09:00:07,2016-02-18 09:30:07
255,2016-02-18 09:03:24,2016-02-18 09:48:24
256,2016-02-18 09:25:10,2016-02-18 09:55:10
257,2016-02-18 09:22:26,2016-02-18 09:52:26
258,2016-02-18 09:26:39,2016-02-18 09:56:39
259,2016-02-18 09:26:00,2016-02-18 09:56:00
260,2016-02-18 09:45:05,2016-02-18 10:15:05
261,2016-02-18 10:15:59,2016-02-18 10:45:59
262,2016-02-18 11:27:16,2016-02-18 11:57:16
263,2016-02-18 13:44:49,2016-02-18 14:14:49
264,2016-02-18 15:31:55,2016-02-18 16:16:55
265,2016-02-18 15:46:33,2016-02-18 16:31:33
266,2016-02-18 15:46:10,2016-02-18 16:31:10
267,2016-02-18 16:40:55,2016-02-18 17:10:55
268,2016-02-18 16:43:30,2016-02-18 17:13:30
269,2016-02-18 17:16:50,2016-02-18 17:46:50
270,2016-02-18 17:24:32,2016-02-18 18:09:32
271,2016-02-19 04:22:53,2016-02-19 04:52:53
272,2016-02-19 04:23:43,2016-02-19 04:53:43
273,2016-02-19 05:00:42,2016-02-19 05:30:42
274,2016-02-19 05:24:23,2016-02-19 05:54:23
275,2016-02-19 06:08:10,2016-02-19 06:53:10
276,2016-02-19 06:33:33,2016-02-19 07:03:33
277,2016-02-19 06:36:02,2016-02-19 07:06:02
278,2016-02-19 07:06:51,2016-02-19 07:36:51
279,2016-02-19 07:23:09,2016-02-19 07:53:09
280,2016-02-19 07:39:56,2016-02-19 08:09:56
281,2016-02-19 07:38:00,2016-02-19 08:08:00
282,2016-02-19 07:51:29,2016-02-19 08:21:29
283,2016-02-19 07:52:38,2016-02-19 08:22:38
284,2016-02-19 08:05:52,2016-02-19 08:35:52
285,2016-02-19 08:18:42,2016-02-19 08:48:42
286,2016-02-19 08:28:12,2016-02-19 08:58:12
287,2016-02-19 08:32:47,2016-02-19 09:02:47
288,2016-02-19 08:58:38,2016-02-19 09:28:38
289,2016-02-19 10:24:05,2016-02-19 10:54:05
290,2016-02-19 11:23:40,2016-02-19 11:53:40
291,2016-02-19 11:45:16,2016-02-19 12:15:16
292,2016-02-19 11:37:32,2016-02-19 12:07:32
293,2016-02-19 11:29:02,2016-02-19 12:14:14
294,2016-02-19 11:38:14,2016-02-19 12:08:14
295,2016-02-19 11:27:47,2016-02-19 12:14:05
296,2016-02-19 15:12:04,2016-02-19 15:42:04
297,2016-02-19 15:15:38,2016-02-19 15:45:38
298,2016-02-19 15:30:32,2016-02-19 16:15:32
299,2016-02-19 16:16:51,2016-02-19 17:01:51
300,2016-02-19 17:41:00,2016-02-19 21:00:00
301,2016-02-22 05:20:31,2016-02-22 05:50:31
302,2016-02-22 06:11:53,2016-02-22 06:41:53
303,2016-02-22 06:54:32,2016-02-22 07:24:32
304,2016-02-22 07:09:58,2016-02-22 07:39:58
305,2016-02-22 07:14:44,2016-02-22 07:44:44
306,2016-02-22 07:26:02,2016-02-22 07:56:02
307,2016-02-22 07:24:22,2016-02-22 07:54:22
308,2016-02-22 07:37:59,2016-02-22 08:07:59
309,2016-02-22 07:52:06,2016-02-22 08:22:06
310,2016-02-22 07:51:22,2016-02-22 08:21:22
311,2016-02-22 08:04:43,2016-02-22 08:34:43
312,2016-02-22 08:13:51,2016-02-22 08:43:51
313,2016-02-22 08:19:52,2016-02-22 08:49:52
314,2016-02-22 08:41:13,2016-02-22 09:11:13
315,2016-02-22 08:54:16,2016-02-22 09:24:16
316,2016-02-22 09:06:02,2016-02-22 09:36:02
317,2016-02-22 09:06:53,2016-02-22 09:36:53
318,2016-02-22 09:36:13,2016-02-22 10:21:13
319,2016-02-22 09:37:13,2016-02-22 10:22:13
320,2016-02-22 10:03:03,2016-02-22 10:33:03
321,2016-02-22 10:09:01,2016-02-22 10:39:01
322,2016-02-22 10:27:46,2016-02-22 10:57:46
323,2016-02-22 11:17:40,2016-02-22 11:47:40
324,2016-02-22 11:21:55,2016-02-22 11:51:55
325,2016-02-22 11:40:35,2016-02-22 12:10:35
326,2016-02-22 14:21:00,2016-02-22 15:30:00
327,2016-02-22 15:34:53,2016-02-22 16:19:53
328,2016-02-22 16:57:30,2016-02-22 17:57:30
329,2016-02-22 16:57:56,2016-02-22 17:57:56
330,2016-02-22 16:58:37,2016-02-22 17:43:37
331,2016-02-23 06:53:21,2016-02-23 07:23:21
332,2016-02-23 07:02:00,2016-02-23 07:32:00
333,2016-02-23 07:15:48,2016-02-23 07:45:48
334,2016-02-23 07:14:21,2016-02-23 07:44:21
335,2016-02-23 07:57:48,2016-02-23 08:27:48
336,2016-02-23 07:54:29,2016-02-23 08:24:29
337,2016-02-23 08:17:30,2016-02-23 08:47:30
338,2016-02-23 08:21:42,2016-02-23 08:51:42
339,2016-02-23 08:48:52,2016-02-23 09:18:52
340,2016-02-23 09:46:46,2016-02-23 10:16:46
341,2016-02-23 09:48:43,2016-02-23 10:18:43
342,2016-02-23 09:54:16,2016-02-23 10:24:16
343,2016-02-23 11:41:00,2016-02-23 12:11:00
344,2016-02-23 13:34:22,2016-02-23 14:19:22
345,2016-02-23 16:30:45,2016-02-23 17:15:45
346,2016-02-23 17:28:00,2016-02-23 23:59:00
347,2016-02-23 17:43:00,2016-02-23 23:59:00
348,2016-02-23 18:20:00,2016-02-23 23:32:00
349,2016-02-23 19:07:18,2016-02-23 19:52:18
350,2016-02-23 22:13:48,2016-02-23 22:43:48
351,2016-02-24 05:14:38,2016-02-24 05:44:38
352,2016-02-24 05:28:28,2016-02-24 05:58:28
353,2016-02-24 05:27:51,2016-02-24 05:57:51
354,2016-02-24 06:14:24,2016-02-24 06:44:24
355,2016-02-24 06:24:28,2016-02-24 06:54:28
356,2016-02-24 06:25:17,2016-02-24 06:55:17
357,2016-02-24 06:31:22,2016-02-24 07:01:22
358,2016-02-24 06:37:39,2016-02-24 07:07:39
359,2016-02-24 06:50:19,2016-02-24 07:20:19
360,2016-02-24 06:53:32,2016-02-24 07:23:32
361,2016-02-24 07:05:21,2016-02-24 07:35:21
362,2016-02-24 07:09:31,2016-02-24 07:39:31
363,2016-02-24 07:18:41,2016-02-24 08:03:41
364,2016-02-24 07:24:28,2016-02-24 07:54:28
365,2016-02-24 07:23:08,2016-02-24 07:53:08
366,2016-02-24 07:27:16,2016-02-24 07:57:16
367,2016-02-24 07:29:39,2016-02-24 07:59:39
368,2016-02-24 07:26:01,2016-02-24 07:56:01
369,2016-02-24 07:43:10,2016-02-24 08:13:10
370,2016-02-24 07:39:13,2016-02-24 08:09:13
371,2016-02-24 07:52:43,2016-02-24 08:22:43
372,2016-02-24 07:51:38,2016-02-24 08:21:38
373,2016-02-24 08:02:29,2016-02-24 08:32:29
374,2016-02-24 07:59:51,2016-02-24 08:29:51
375,2016-02-24 08:04:57,2016-02-24 08:34:57
376,2016-02-24 08:05:22,2016-02-24 08:35:22
377,2016-02-24 08:17:26,2016-02-24 08:47:26
378,2016-02-24 08:11:43,2016-02-24 08:41:43
379,2016-02-24 08:16:26,2016-02-24 08:46:26
380,2016-02-24 08:24:30,2016-02-24 08:54:30
381,2016-02-24 08:56:20,2016-02-24 09:26:20
382,2016-02-24 11:13:09,2016-02-24 11:43:09
383,2016-02-24 11:26:27,2016-02-24 11:56:27
384,2016-02-24 11:25:37,2016-02-24 11:55:37
385,2016-02-24 17:11:00,2016-02-24 21:00:00
386,2016-02-25 06:04:05,2016-02-25 06:34:05
387,2016-02-25 06:37:34,2016-02-25 07:07:34
388,2016-02-25 07:53:04,2016-02-25 08:23:04
389,2016-02-25 07:59:25,2016-02-25 08:29:25
390,2016-02-25 08:04:17,2016-02-25 08:34:17
391,2016-02-25 09:26:59,2016-02-25 09:56:59
392,2016-02-25 09:46:34,2016-02-25 10:16:34
393,2016-02-25 10:06:10,2016-02-25 10:36:10
394,2016-02-25 12:55:59,2016-02-25 13:25:59
395,2016-02-25 16:12:50,2016-02-25 16:42:50
396,2016-02-25 16:17:05,2016-02-25 17:02:05
397,2016-02-26 15:45:44,2016-02-26 16:15:44
398,2016-02-26 15:53:46,2016-02-26 16:38:46
399,2016-02-26 16:15:10,2016-02-26 16:45:10
400,2016-02-26 16:21:21,2016-02-26 16:51:21
401,2016-02-26 16:51:27,2016-02-26 17:36:27
402,2016-02-27 19:34:51,2016-02-27 20:25:36
403,2016-02-28 12:58:44,2016-02-28 13:28:44
404,2016-02-28 18:09:32,2016-02-28 18:39:32
405,2016-02-29 04:45:27,2016-02-29 05:15:27
406,2016-02-29 06:02:33,2016-02-29 06:32:33
407,2016-02-29 06:22:42,2016-02-29 06:52:42
408,2016-02-29 07:14:41,2016-02-29 07:44:41
409,2016-02-29 07:50:29,2016-02-29 08:20:29
410,2016-02-29 08:11:30,2016-02-29 08:41:30
411,2016-02-29 09:16:59,2016-02-29 09:46:59
412,2016-02-29 09:26:13,2016-02-29 09:56:13
413,2016-02-29 09:31:35,2016-02-29 10:01:36
414,2016-02-29 10:25:52,2016-02-29 10:55:52
415,2016-02-29 11:32:19,2016-02-29 12:17:48
416,2016-02-29 12:51:44,2016-02-29 13:21:44
417,2016-02-29 16:14:24,2016-02-29 16:59:24
418,2016-02-29 18:11:15,2016-02-29 18:41:15
419,2016-02-29 18:10:30,2016-02-29 18:40:30
420,2016-02-29 18:18:37,2016-02-29 18:48:37
421,2016-02-29 18:42:00,2016-02-29 21:00:00
422,2016-02-29 19:32:00,2016-02-29 23:59:00
423,2016-02-29 19:52:11,2016-02-29 20:22:11
424,2016-02-29 20:30:39,2016-02-29 21:00:39
425,2016-03-01 05:05:42,2016-03-01 05:35:42
426,2016-03-01 06:14:44,2016-03-01 06:44:44
427,2016-03-01 07:30:18,2016-03-01 08:00:18
428,2016-03-01 07:31:53,2016-03-01 08:01:53
429,2016-03-01 07:46:03,2016-03-01 08:16:03
430,2016-03-01 08:16:30,2016-03-01 08:46:30
431,2016-03-01 10:06:47,2016-03-01 10:36:47
432,2016-03-01 10:19:48,2016-03-01 10:49:48
433,2016-03-01 10:41:37,2016-03-01 11:11:37
434,2016-03-01 11:12:57,2016-03-01 11:42:57
435,2016-03-01 11:56:36,2016-03-01 12:26:36
436,2016-03-01 12:36:27,2016-03-01 13:51:27
437,2016-03-01 12:50:36,2016-03-01 13:20:36
438,2016-03-01 16:41:08,2016-03-01 17:11:08
439,2016-03-01 17:23:06,2016-03-01 18:23:06
440,2016-03-01 17:31:22,2016-03-01 18:01:22
441,2016-03-01 17:39:00,2016-03-01 21:00:00
442,2016-03-01 18:07:29,2016-03-01 18:37:29
443,2016-03-01 18:37:25,2016-03-01 19:07:25
444,2016-03-01 18:52:22,2016-03-01 19:22:22
445,2016-03-02 16:36:08,2016-03-02 17:06:08
446,2016-03-02 17:12:54,2016-03-02 17:42:54
447,2016-03-02 17:32:51,2016-03-02 18:02:51
448,2016-03-02 17:52:45,2016-03-02 18:22:45
449,2016-03-02 19:20:37,2016-03-02 19:50:37
450,2016-03-02 19:43:39,2016-03-02 20:13:39
451,2016-03-02 20:36:40,2016-03-02 21:06:40
452,2016-03-03 04:51:44,2016-03-03 05:21:44
453,2016-03-03 06:39:51,2016-03-03 07:09:51
454,2016-03-03 06:51:45,2016-03-03 07:21:45
455,2016-03-03 07:40:36,2016-03-03 08:10:36
456,2016-03-03 07:43:25,2016-03-03 08:13:25
457,2016-03-03 07:44:53,2016-03-03 08:14:53
458,2016-03-03 07:45:33,2016-03-03 08:15:33
459,2016-03-03 08:07:05,2016-03-03 08:37:05
460,2016-03-03 08:19:42,2016-03-03 08:49:42
461,2016-03-03 09:12:10,2016-03-03 09:42:10
462,2016-03-03 09:42:54,2016-03-03 10:12:54
463,2016-03-03 10:05:35,2016-03-03 10:35:35
464,2016-03-03 11:28:29,2016-03-03 11:58:29
465,2016-03-03 11:51:07,2016-03-03 12:21:07
466,2016-03-03 11:57:44,2016-03-03 12:27:44
467,2016-03-03 14:24:46,2016-03-03 15:09:46
468,2016-03-03 14:58:23,2016-03-03 15:58:23
469,2016-03-03 15:06:22,2016-03-03 15:51:22
470,2016-03-03 15:07:36,2016-03-03 15:37:36
471,2016-03-03 16:11:40,2016-03-03 16:41:40
472,2016-03-03 16:30:54,2016-03-03 17:15:54
473,2016-03-03 16:35:34,2016-03-03 17:20:34
474,2016-03-03 17:31:00,2016-03-03 23:00:00
475,2016-03-03 18:30:12,2016-03-03 19:00:12
476,2016-03-03 18:52:00,2016-03-03 23:00:00
477,2016-03-03 20:04:00,2016-03-03 21:00:00
478,2016-03-03 20:21:07,2016-03-03 20:51:07
479,2016-03-04 06:10:42,2016-03-04 06:40:42
480,2016-03-04 06:11:18,2016-03-04 06:41:18
481,2016-03-04 06:39:05,2016-03-04 07:09:05
482,2016-03-04 06:43:09,2016-03-04 07:13:09
483,2016-03-04 06:44:45,2016-03-04 07:14:45
484,2016-03-04 06:45:30,2016-03-04 07:15:30
485,2016-03-04 07:09:31,2016-03-04 07:39:31
486,2016-03-04 07:09:59,2016-03-04 07:39:59
487,2016-03-04 07:28:45,2016-03-04 07:58:45
488,2016-03-04 07:37:31,2016-03-04 08:07:31
489,2016-03-04 07:52:53,2016-03-04 08:22:53
490,2016-03-04 07:59:13,2016-03-04 08:29:13
491,2016-03-04 08:01:42,2016-03-04 08:31:42
492,2016-03-04 08:06:17,2016-03-04 08:36:17
493,2016-03-04 08:14:01,2016-03-04 08:44:01
494,2016-03-04 08:24:47,2016-03-04 08:54:47
495,2016-03-04 08:33:12,2016-03-04 09:03:12
496,2016-03-04 10:17:30,2016-03-04 10:47:30
497,2016-03-04 11:15:47,2016-03-04 11:45:47
498,2016-03-04 11:50:40,2016-03-04 12:20:40
499,2016-03-04 14:55:55,2016-03-04 15:40:55
500,2016-03-04 14:55:28,2016-03-04 15:25:28
501,2016-03-04 16:46:11,2016-03-04 17:16:11
502,2016-03-04 17:31:00,2016-03-04 21:00:00
503,2016-03-04 17:28:40,2016-03-04 17:58:40
504,2016-03-04 18:53:03,2016-03-04 19:23:03
505,2016-03-05 07:07:25,2016-03-05 07:37:25
506,2016-03-07 06:40:17,2016-03-07 07:10:17
507,2016-03-07 06:40:44,2016-03-07 07:10:44
508,2016-03-07 06:55:50,2016-03-07 07:25:50
509,2016-03-07 07:27:39,2016-03-07 07:57:39
510,2016-03-07 09:02:27,2016-03-07 09:32:27
511,2016-03-07 09:03:03,2016-03-07 09:33:03
512,2016-03-07 09:04:41,2016-03-07 09:34:41
513,2016-03-07 10:32:16,2016-03-07 11:02:16
514,2016-03-07 10:55:50,2016-03-07 11:25:50
515,2016-03-07 11:10:55,2016-03-07 11:40:55
516,2016-03-07 11:20:24,2016-03-07 11:50:24
517,2016-03-07 14:48:52,2016-03-07 15:33:52
518,2016-03-07 15:48:21,2016-03-07 16:33:21
519,2016-03-07 16:07:09,2016-03-07 16:52:09
520,2016-03-07 17:05:00,2016-03-07 21:00:00
521,2016-03-07 21:49:00,2016-03-08 01:49:00
522,2016-03-08 04:25:14,2016-03-08 04:55:14
523,2016-03-08 04:57:26,2016-03-08 05:27:26
524,2016-03-08 04:55:34,2016-03-08 05:25:34
525,2016-03-08 05:31:02,2016-03-08 06:16:02
526,2016-03-08 06:10:30,2016-03-08 06:40:30
527,2016-03-08 06:47:17,2016-03-08 07:17:17
528,2016-03-08 06:54:37,2016-03-08 07:24:37
529,2016-03-08 06:57:44,2016-03-08 07:27:44
530,2016-03-08 07:29:19,2016-03-08 07:59:19
531,2016-03-08 07:26:53,2016-03-08 07:56:53
532,2016-03-08 07:46:55,2016-03-08 08:16:55
533,2016-03-08 08:09:53,2016-03-08 08:39:53
534,2016-03-08 09:20:23,2016-03-08 09:50:23
535,2016-03-08 10:36:45,2016-03-08 11:06:45
536,2016-03-08 10:37:41,2016-03-08 11:07:41
537,2016-03-08 10:39:09,2016-03-08 11:09:09
538,2016-03-08 10:55:29,2016-03-08 11:25:29
539,2016-03-08 12:14:36,2016-03-08 12:44:36
540,2016-03-08 12:20:00,2016-03-08 13:25:00
541,2016-03-08 13:19:16,2016-03-08 14:04:16
542,2016-03-08 16:13:46,2016-03-08 17:13:46
543,2016-03-08 17:11:00,2016-03-08 21:00:00
544,2016-03-08 17:26:10,2016-03-08 17:56:10
545,2016-03-08 17:56:35,2016-03-08 18:41:35
546,2016-03-08 17:55:00,2016-03-08 21:00:00
547,2016-03-08 18:41:00,2016-03-08 21:00:00
548,2016-03-09 06:07:45,2016-03-09 06:37:45
549,2016-03-09 06:42:51,2016-03-09 07:12:51
550,2016-03-09 06:50:34,2016-03-09 07:20:34
551,2016-03-09 07:22:35,2016-03-09 07:52:35
552,2016-03-09 08:13:28,2016-03-09 08:43:28
553,2016-03-09 08:39:20,2016-03-09 09:09:20
554,2016-03-09 08:38:38,2016-03-09 09:08:38
555,2016-03-09 09:38:42,2016-03-09 10:08:42
556,2016-03-09 09:41:18,2016-03-09 10:11:18
557,2016-03-09 09:40:00,2016-03-09 10:40:00
558,2016-03-09 11:27:24,2016-03-09 11:57:24
559,2016-03-09 11:41:23,2016-03-09 12:11:23
560,2016-03-09 11:40:43,2016-03-09 12:10:43
561,2016-03-09 11:56:56,2016-03-09 12:26:56
562,2016-03-09 13:55:50,2016-03-09 14:40:50
563,2016-03-09 14:28:02,2016-03-09 15:28:02
564,2016-03-09 14:47:02,2016-03-09 15:32:02
565,2016-03-09 15:01:02,2016-03-09 15:46:02
566,2016-03-10 05:22:10,2016-03-10 06:07:10
567,2016-03-10 06:09:17,2016-03-10 06:39:17
568,2016-03-10 06:12:15,2016-03-10 06:42:15
569,2016-03-10 07:10:04,2016-03-10 07:40:04
570,2016-03-10 07:22:33,2016-03-10 07:52:33
571,2016-03-10 07:35:01,2016-03-10 08:05:01
572,2016-03-10 07:41:11,2016-03-10 08:11:11
573,2016-03-10 07:42:38,2016-03-10 08:12:38
574,2016-03-10 07:56:35,2016-03-10 08:26:35
575,2016-03-10 08:03:25,2016-03-10 08:33:25
576,2016-03-10 08:12:38,2016-03-10 08:42:38
577,2016-03-10 08:48:10,2016-03-10 09:18:10
578,2016-03-10 09:32:41,2016-03-10 10:02:41
579,2016-03-10 09:36:26,2016-03-10 10:06:26
580,2016-03-10 09:37:25,2016-03-10 10:07:25
581,2016-03-10 09:36:50,2016-03-10 10:06:50
582,2016-03-10 10:00:50,2016-03-10 10:30:50
583,2016-03-10 10:33:46,2016-03-10 11:03:46
584,2016-03-10 11:08:43,2016-03-10 11:38:43
585,2016-03-10 11:29:29,2016-03-10 11:59:29
586,2016-03-10 11:27:00,2016-03-10 15:00:00
587,2016-03-10 13:25:31,2016-03-10 14:10:31
588,2016-03-10 14:44:12,2016-03-10 15:29:12
589,2016-03-10 15:02:15,2016-03-10 16:02:15
590,2016-03-10 15:29:46,2016-03-10 15:59:46
591,2016-03-10 16:14:42,2016-03-10 16:59:42
592,2016-03-10 15:57:41,2016-03-10 16:43:47
593,2016-03-10 16:41:06,2016-03-10 17:26:06
594,2016-03-10 18:08:00,2016-03-10 23:59:00
595,2016-03-10 18:34:00,2016-03-10 23:00:00
596,2016-03-10 19:17:46,2016-03-10 19:47:46
597,2016-03-10 20:21:40,2016-03-10 20:51:40
598,2016-03-11 05:06:12,2016-03-11 05:36:12
599,2016-03-11 07:22:54,2016-03-11 07:52:54
600,2016-03-11 07:28:06,2016-03-11 07:58:06
601,2016-03-11 07:28:40,2016-03-11 07:58:40
602,2016-03-11 07:46:20,2016-03-11 08:16:20
603,2016-03-11 08:06:35,2016-03-11 08:36:35
604,2016-03-11 08:38:31,2016-03-11 09:08:31
605,2016-03-11 08:36:58,2016-03-11 09:06:58
606,2016-03-11 09:01:09,2016-03-11 09:31:09
607,2016-03-11 09:20:22,2016-03-11 09:50:22
608,2016-03-11 09:12:17,2016-03-11 09:42:17
609,2016-03-11 09:42:23,2016-03-11 10:12:23
610,2016-03-11 09:37:00,2016-03-11 11:37:00
611,2016-03-11 09:50:13,2016-03-11 10:20:13
612,2016-03-11 10:05:05,2016-03-11 10:35:05
613,2016-03-11 10:06:28,2016-03-11 10:36:28
614,2016-03-11 10:39:00,2016-03-11 15:00:00
615,2016-03-11 10:51:00,2016-03-11 15:00:00
616,2016-03-11 11:36:04,2016-03-11 12:06:04
617,2016-03-11 12:18:00,2016-03-11 13:33:00
618,2016-03-11 13:18:48,2016-03-11 13:48:48
619,2016-03-11 14:38:00,2016-03-11 22:22:00
620,2016-03-11 15:30:55,2016-03-11 16:00:55
621,2016-03-11 17:02:09,2016-03-11 17:47:09
622,2016-03-11 17:10:00,2016-03-11 22:22:00
623,2016-03-11 17:15:55,2016-03-11 17:45:55
624,2016-03-11 17:07:00,2016-03-11 22:22:00
625,2016-03-11 17:35:00,2016-03-11 23:11:00
626,2016-03-11 18:34:00,2016-03-11 22:22:00
627,2016-03-12 07:03:00,2016-03-12 10:00:00
628,2016-03-12 10:48:00,2016-03-12 14:00:00
629,2016-03-12 11:55:00,2016-03-12 23:59:00
630,2016-03-14 04:23:17,2016-03-14 04:53:17
631,2016-03-14 06:10:12,2016-03-14 06:40:12
632,2016-03-14 07:03:27,2016-03-14 07:33:27
633,2016-03-14 07:27:29,2016-03-14 07:57:29
634,2016-03-14 07:31:17,2016-03-14 08:01:17
635,2016-03-14 07:45:42,2016-03-14 08:15:42
636,2016-03-14 07:56:41,2016-03-14 08:26:41
637,2016-03-14 07:58:00,2016-03-14 08:28:00
638,2016-03-14 08:03:00,2016-03-14 08:33:00
639,2016-03-14 08:06:40,2016-03-14 08:36:40
640,2016-03-14 08:07:27,2016-03-14 08:37:27
641,2016-03-14 08:35:36,2016-03-14 09:05:36
642,2016-03-14 09:01:50,2016-03-14 09:31:50
643,2016-03-14 09:03:48,2016-03-14 09:33:48
644,2016-03-14 09:14:25,2016-03-14 09:44:25
645,2016-03-14 09:22:34,2016-03-14 09:52:34
646,2016-03-14 09:34:02,2016-03-14 10:04:02
647,2016-03-14 09:34:35,2016-03-14 10:04:35
648,2016-03-14 11:15:46,2016-03-14 11:45:46
649,2016-03-14 13:12:57,2016-03-14 13:42:57
650,2016-03-14 13:33:38,2016-03-14 14:18:38
651,2016-03-14 15:02:26,2016-03-14 15:47:26
652,2016-03-14 17:19:43,2016-03-14 18:04:43
653,2016-03-14 17:28:00,2016-03-14 23:31:00
654,2016-03-15 06:01:06,2016-03-15 06:31:06
655,2016-03-15 06:58:33,2016-03-15 07:28:33
656,2016-03-15 07:22:02,2016-03-15 07:52:02
657,2016-03-15 07:47:00,2016-03-15 08:17:00
658,2016-03-15 07:56:30,2016-03-15 08:26:30
659,2016-03-15 08:06:07,2016-03-15 08:36:07
660,2016-03-15 08:13:31,2016-03-15 08:43:31
661,2016-03-15 08:25:06,2016-03-15 08:55:06
662,2016-03-15 11:13:58,2016-03-15 11:43:58
663,2016-03-15 12:30:02,2016-03-15 13:15:02
664,2016-03-15 13:13:45,2016-03-15 14:13:45
665,2016-03-15 14:22:22,2016-03-15 15:07:22
666,2016-03-15 14:31:24,2016-03-15 15:01:24
667,2016-03-15 14:57:15,2016-03-15 15:42:15
668,2016-03-15 16:04:30,2016-03-15 16:49:30
669,2016-03-16 05:01:05,2016-03-16 05:31:05
670,2016-03-16 04:59:05,2016-03-16 05:29:05
671,2016-03-16 05:09:57,2016-03-16 05:39:57
672,2016-03-16 06:29:00,2016-03-16 06:59:00
673,2016-03-16 06:47:19,2016-03-16 07:17:19
674,2016-03-16 06:49:57,2016-03-16 07:19:57
675,2016-03-16 07:08:25,2016-03-16 07:38:25
676,2016-03-16 07:10:24,2016-03-16 07:40:24
677,2016-03-16 07:23:13,2016-03-16 07:53:13
678,2016-03-16 07:38:10,2016-03-16 08:08:10
679,2016-03-16 07:38:20,2016-03-16 08:08:20
680,2016-03-16 07:31:25,2016-03-16 08:01:25
681,2016-03-16 07:55:16,2016-03-16 08:25:16
682,2016-03-16 08:54:38,2016-03-16 09:24:38
683,2016-03-16 09:25:43,2016-03-16 09:55:43
684,2016-03-16 09:36:49,2016-03-16 10:06:49
685,2016-03-16 10:41:00,2016-03-16 14:00:00
686,2016-03-16 12:24:15,2016-03-16 13:09:15
687,2016-03-17 04:12:59,2016-03-17 04:42:59
688,2016-03-17 06:55:29,2016-03-17 07:25:29
689,2016-03-17 07:12:30,2016-03-17 07:42:30
690,2016-03-17 07:31:22,2016-03-17 08:01:22
691,2016-03-17 07:38:17,2016-03-17 08:08:17
692,2016-03-17 07:56:30,2016-03-17 08:26:30
693,2016-03-17 08:07:07,2016-03-17 08:37:07
694,2016-03-17 08:07:38,2016-03-17 08:37:38
695,2016-03-17 08:28:13,2016-03-17 08:58:13
696,2016-03-17 08:51:23,2016-03-17 09:51:23
697,2016-03-17 08:50:37,2016-03-17 09:50:37
698,2016-03-17 08:58:06,2016-03-17 09:58:06
699,2016-03-17 09:08:21,2016-03-17 09:38:21
700,2016-03-17 09:30:29,2016-03-17 10:00:29
701,2016-03-17 11:10:37,2016-03-17 11:40:37
702,2016-03-17 11:10:37,2016-03-17 13:29:20
703,2016-03-17 11:10:37,2016-03-17 13:44:20
704,2016-03-17 11:10:37,2016-03-17 13:59:20
705,2016-03-17 14:50:41,2016-03-17 15:20:41
706,2016-03-17 17:28:00,2016-03-17 21:00:00
707,2016-03-17 20:18:00,2016-03-17 23:00:00
708,2016-03-18 04:02:41,2016-03-18 04:32:41
709,2016-03-18 06:48:10,2016-03-18 07:18:10
710,2016-03-18 07:10:13,2016-03-18 07:40:13
711,2016-03-18 09:09:35,2016-03-18 09:39:35
712,2016-03-18 10:55:02,2016-03-18 11:25:02
713,2016-03-18 11:10:12,2016-03-18 11:40:12
714,2016-03-18 11:44:25,2016-03-18 12:14:25
715,2016-03-18 11:44:25,2016-03-18 12:57:34
716,2016-03-18 13:27:13,2016-03-18 13:57:13
717,2016-03-18 13:52:00,2016-03-18 14:44:00
718,2016-03-18 14:16:10,2016-03-18 14:46:10
719,2016-03-18 14:38:06,2016-03-18 15:08:06
720,2016-03-18 14:39:06,2016-03-18 15:09:06
721,2016-03-18 16:16:49,2016-03-18 16:46:49
722,2016-03-18 16:36:53,2016-03-18 17:06:53
723,2016-03-18 16:59:00,2016-03-18 21:00:00
724,2016-03-18 17:44:00,2016-03-18 23:59:00
725,2016-03-18 18:15:34,2016-03-18 19:00:34
726,2016-06-21 10:34:40,2016-06-21 11:04:40
727,2016-06-21 10:30:16,2016-06-21 11:16:39
728,2016-06-21 10:49:14,2016-06-21 11:19:14
729,2016-06-21 10:41:42,2016-06-21 11:11:42
730,2016-06-21 10:16:26,2016-06-21 11:04:16
731,2016-06-21 10:31:06,2016-06-21 11:16:26
732,2016-06-21 10:17:17,2016-06-21 11:03:50
733,2016-06-21 10:51:31,2016-06-21 11:21:31
734,2016-06-21 10:56:00,2016-06-21 11:26:00
735,2016-06-21 10:57:01,2016-06-21 11:27:01
736,2016-06-21 11:02:59,2016-06-21 11:32:59
737,2016-06-21 11:06:50,2016-06-21 11:36:50
738,2016-06-21 11:11:50,2016-06-21 11:41:50
739,2016-06-21 11:13:06,2016-06-21 11:43:06
740,2016-06-21 11:19:24,2016-06-21 11:49:24
741,2016-06-21 11:16:14,2016-06-21 12:01:14
742,2016-06-21 11:16:55,2016-06-21 12:01:55
743,2016-06-21 11:20:47,2016-06-21 11:50:47
744,2016-06-21 11:37:40,2016-06-21 12:07:40
745,2016-06-21 11:33:06,2016-06-21 12:03:06
746,2016-06-21 11:30:58,2016-06-21 12:00:58
747,2016-06-21 11:34:23,2016-06-21 12:04:23
748,2016-06-21 11:36:40,2016-06-21 12:06:40
749,2016-06-21 11:40:35,2016-06-21 12:10:35
750,2016-06-21 11:38:59,2016-06-21 12:08:59
751,2016-06-21 11:56:59,2016-06-21 12:26:59
752,2016-06-21 11:52:03,2016-06-21 12:22:03
753,2016-06-21 11:50:43,2016-06-21 12:35:43
754,2016-06-21 12:06:52,2016-06-21 12:36:52
755,2016-06-21 12:13:43,2016-06-21 12:43:43
756,2016-06-21 12:21:52,2016-06-21 12:51:52
757,2016-06-21 12:20:59,2016-06-21 12:50:59
758,2016-06-21 12:29:00,2016-06-21 12:59:00
759,2016-06-21 12:28:17,2016-06-21 12:58:17
760,2016-06-21 12:32:53,2016-06-21 13:02:53
761,2016-06-21 12:39:41,2016-06-21 13:09:41
762,2016-06-21 12:33:43,2016-06-21 13:03:43
763,2016-06-21 12:46:38,2016-06-21 13:16:38
764,2016-06-21 12:58:04,2016-06-21 13:28:04
765,2016-06-21 12:52:56,2016-06-21 13:22:56
766,2016-06-21 12:53:58,2016-06-21 13:23:58
767,2016-06-21 12:54:27,2016-06-21 13:39:27
768,2016-06-21 13:02:04,2016-06-21 13:32:04
769,2016-06-21 13:03:25,2016-06-21 13:33:25
770,2016-06-21 13:15:59,2016-06-21 13:45:59
771,2016-06-21 13:18:11,2016-06-21 14:03:11
772,2016-06-21 13:27:20,2016-06-21 14:13:00
773,2016-06-21 13:23:19,2016-06-21 14:08:19
774,2016-06-21 13:35:09,2016-06-21 14:05:09
775,2016-06-21 13:34:39,2016-06-21 14:04:39
776,2016-06-21 13:38:18,2016-06-21 14:23:18
777,2016-06-21 13:59:18,2016-06-21 14:29:18
778,2016-06-21 13:59:57,2016-06-21 14:44:57
779,2016-06-21 14:06:34,2016-06-21 14:36:34
780,2016-06-21 14:03:09,2016-06-21 14:48:10
781,2016-06-21 14:16:46,2016-06-21 14:46:46
782,2016-06-21 14:17:32,2016-06-21 15:17:32
783,2016-06-21 14:41:50,2016-06-21 15:11:50
784,2016-06-21 14:34:20,2016-06-21 15:04:20
785,2016-06-21 14:49:07,2016-06-21 15:19:07
786,2016-06-21 14:57:48,2016-06-21 15:27:48
787,2016-06-21 14:53:08,2016-06-21 15:23:08
788,2016-06-21 14:51:55,2016-06-21 15:21:55
789,2016-06-21 14:52:37,2016-06-21 15:37:37
790,2016-06-21 15:09:59,2016-06-21 15:54:59
791,2016-06-21 15:23:34,2016-06-21 16:08:34
792,2016-06-21 16:02:09,2016-06-21 16:32:09
793,2016-06-21 15:55:54,2016-06-21 16:25:54
794,2016-06-21 15:56:52,2016-06-21 16:56:52
795,2016-06-21 16:16:25,2016-06-21 17:01:25
796,2016-06-21 16:47:53,2016-06-21 17:17:53
797,2016-06-21 17:55:06,2016-06-21 18:25:06
798,2016-06-21 18:48:19,2016-06-21 19:18:19
799,2016-06-21 18:58:58,2016-06-21 19:28:58
800,2016-06-21 19:21:38,2016-06-21 20:06:38
801,2016-06-21 19:36:26,2016-06-21 20:06:26
802,2016-06-21 19:38:23,2016-06-21 20:08:23
803,2016-06-21 19:34:13,2016-06-21 20:04:13
804,2016-06-21 19:45:28,2016-06-21 20:15:28
805,2016-06-21 19:46:41,2016-06-21 20:16:41
806,2016-06-21 20:03:18,2016-06-21 20:33:18
807,2016-06-21 20:02:45,2016-06-21 20:32:45
808,2016-06-21 20:03:23,2016-06-21 20:48:23
809,2016-06-21 20:19:38,2016-06-21 20:49:38
810,2016-06-21 20:38:09,2016-06-21 21:08:09
811,2016-06-21 20:48:42,2016-06-21 21:33:42
812,2016-06-21 21:18:10,2016-06-21 21:48:10
813,2016-06-21 21:39:20,2016-06-21 22:09:20
814,2016-06-21 21:42:40,2016-06-21 22:27:40
815,2016-06-21 21:33:47,2016-06-21 22:18:47
816,2016-06-21 21:45:26,2016-06-21 22:15:26
817,2016-06-21 22:01:11,2016-06-21 22:31:11
818,2016-06-21 22:02:04,2016-06-21 22:32:04
819,2016-06-21 22:26:36,2016-06-21 22:56:36
820,2016-06-21 22:55:09,2016-06-21 23:25:09
821,2016-06-21 23:46:57,2016-06-22 00:31:57
822,2016-06-22 00:29:47,2016-06-22 00:59:47
823,2016-06-22 00:29:20,2016-06-22 01:30:00
824,2016-06-22 00:40:26,2016-06-22 01:10:26
825,2016-06-22 01:24:26,2016-06-22 02:24:26
826,2016-06-22 01:23:44,2016-06-22 02:23:44
827,2016-06-22 01:59:16,2016-06-22 02:59:16
828,2016-06-22 02:01:25,2016-06-22 03:01:25
829,2016-06-22 02:43:31,2016-06-22 03:43:31
830,2016-06-22 03:46:12,2016-06-22 04:46:12
831,2016-06-22 04:31:35,2016-06-22 05:31:35
832,2016-06-22 05:53:46,2016-06-22 06:38:46
833,2016-06-22 05:45:14,2016-06-22 06:30:14
834,2016-06-22 06:46:30,2016-06-22 07:28:00
835,2016-06-22 06:40:26,2016-06-22 07:25:26
836,2016-06-22 07:07:21,2016-06-22 07:52:21
837,2016-06-22 08:01:02,2016-06-22 08:46:36
838,2016-06-22 08:43:06,2016-06-22 09:28:06
839,2016-06-22 09:11:07,2016-06-22 09:41:07
840,2016-06-22 09:16:22,2016-06-22 09:46:22
841,2016-06-22 09:12:40,2016-06-22 09:42:40
842,2016-06-22 09:26:11,2016-06-22 10:11:11
843,2016-06-22 09:47:26,2016-06-22 10:17:26
844,2016-06-22 10:03:15,2016-06-22 10:33:15
845,2016-06-22 10:04:15,2016-06-22 10:34:15
846,2016-06-22 10:08:16,2016-06-22 10:38:16
847,2016-06-22 10:11:14,2016-06-22 10:56:14
848,2016-06-22 10:21:08,2016-06-22 10:51:08
849,2016-06-22 10:18:36,2016-06-22 10:48:36
850,2016-06-22 10:14:58,2016-06-22 10:44:58
851,2016-06-22 10:17:01,2016-06-22 11:02:01
852,2016-06-22 10:26:47,2016-06-22 10:56:47
853,2016-06-22 10:22:06,2016-06-22 10:52:06
854,2016-06-22 10:33:41,2016-06-22 11:03:41
855,2016-06-22 10:49:43,2016-06-22 11:19:43
856,2016-06-22 11:00:11,2016-06-22 11:30:11
857,2016-06-22 11:02:15,2016-06-22 11:32:15
858,2016-06-22 10:53:26,2016-06-22 11:23:26
859,2016-06-22 10:54:18,2016-06-22 11:24:18
860,2016-06-22 10:58:22,2016-06-22 11:28:22
861,2016-06-22 10:57:43,2016-06-22 11:27:43
862,2016-06-22 10:52:25,2016-06-22 11:22:25
863,2016-06-22 10:57:10,2016-06-22 11:27:10
864,2016-06-22 11:04:27,2016-06-22 11:34:27
865,2016-06-22 11:05:21,2016-06-22 11:35:21
866,2016-06-22 11:03:22,2016-06-22 11:33:22
867,2016-06-22 11:11:09,2016-06-22 11:41:09
868,2016-06-22 11:21:36,2016-06-22 11:51:36
869,2016-06-22 11:19:53,2016-06-22 11:49:53
870,2016-06-22 11:18:40,2016-06-22 11:48:40
871,2016-06-22 11:24:04,2016-06-22 11:54:04
872,2016-06-22 11:13:07,2016-06-22 11:43:07
873,2016-06-22 11:23:11,2016-06-22 11:53:11
874,2016-06-22 11:19:52,2016-06-22 12:04:52
875,2016-06-22 11:17:24,2016-06-22 12:02:24
876,2016-06-22 11:24:03,2016-06-22 12:09:03
877,2016-06-22 11:26:59,2016-06-22 11:56:59
878,2016-06-22 11:45:37,2016-06-22 12:15:37
879,2016-06-22 11:40:37,2016-06-22 12:10:37
880,2016-06-22 12:09:08,2016-06-22 12:39:08
881,2016-06-22 12:04:35,2016-06-22 12:49:35
882,2016-06-22 12:03:52,2016-06-22 12:48:52
883,2016-06-22 12:24:23,2016-06-22 12:54:23
884,2016-06-22 12:22:52,2016-06-22 13:07:52
885,2016-06-22 12:42:09,2016-06-22 13:12:09
886,2016-06-22 12:29:21,2016-06-22 12:59:21
887,2016-06-22 12:41:12,2016-06-22 13:11:12
888,2016-06-22 12:31:22,2016-06-22 13:01:22
889,2016-06-22 12:46:58,2016-06-22 13:16:58
890,2016-06-22 12:43:29,2016-06-22 13:13:29
891,2016-06-22 12:56:27,2016-06-22 13:26:27
892,2016-06-22 12:53:01,2016-06-22 13:23:01
893,2016-06-22 13:05:41,2016-06-22 13:35:41
894,2016-06-22 13:05:08,2016-06-22 13:35:08
895,2016-06-22 13:18:24,2016-06-22 13:48:24
896,2016-06-22 13:19:25,2016-06-22 14:04:25
897,2016-06-22 13:42:52,2016-06-22 14:12:52
898,2016-06-22 13:42:22,2016-06-22 14:27:22
899,2016-06-22 13:54:49,2016-06-22 14:24:49
900,2016-06-22 13:53:36,2016-06-22 14:23:36
901,2016-06-22 14:00:36,2016-06-22 14:47:00
902,2016-06-22 14:00:36,2016-06-22 14:45:36
903,2016-06-22 14:04:35,2016-06-22 14:34:35
904,2016-06-22 14:04:29,2016-06-22 14:49:29
905,2016-06-22 14:16:51,2016-06-22 15:01:51
906,2016-06-22 14:31:14,2016-06-22 15:01:14
907,2016-06-22 14:29:28,2016-06-22 15:17:00
908,2016-06-22 14:40:35,2016-06-22 15:10:35
909,2016-06-22 14:50:47,2016-06-22 15:20:47
910,2016-06-22 14:52:35,2016-06-22 15:37:35
911,2016-06-22 14:56:21,2016-06-22 15:26:21
912,2016-06-22 15:22:39,2016-06-22 15:52:39
913,2016-06-22 15:36:39,2016-06-22 16:06:39
914,2016-06-22 15:37:17,2016-06-22 16:07:17
915,2016-06-22 15:54:24,2016-06-22 16:24:24
916,2016-06-22 15:55:13,2016-06-22 16:25:13
917,2016-06-22 15:55:51,2016-06-22 16:25:51
918,2016-06-22 16:30:45,2016-06-22 17:00:45
919,2016-06-22 16:45:30,2016-06-22 17:15:30
920,2016-06-22 16:50:46,2016-06-22 17:20:46
921,2016-06-22 16:44:48,2016-06-22 17:14:48
922,2016-06-22 16:44:23,2016-06-22 17:14:23
923,2016-06-22 17:47:35,2016-06-22 18:32:35
924,2016-06-22 17:44:46,2016-06-22 18:29:46
925,2016-06-22 17:56:42,2016-06-22 18:41:42
926,2016-06-22 18:06:34,2016-06-22 18:51:34
927,2016-06-22 18:13:45,2016-06-22 18:43:45
928,2016-06-22 18:26:43,2016-06-22 18:56:43
929,2016-06-22 18:45:07,2016-06-22 19:15:07
930,2016-06-22 18:54:05,2016-06-22 19:24:05
931,2016-06-22 18:52:35,2016-06-22 19:22:35
932,2016-06-22 19:02:49,2016-06-22 19:32:49
933,2016-06-22 18:53:20,2016-06-22 19:38:20
934,2016-06-22 19:21:16,2016-06-22 19:51:16
935,2016-06-22 19:27:10,2016-06-22 20:12:10
936,2016-06-22 19:25:00,2016-06-22 20:10:00
937,2016-06-22 19:38:29,2016-06-22 20:23:29
938,2016-06-22 19:39:03,2016-06-22 20:24:03
939,2016-06-22 19:50:32,2016-06-22 20:35:32
940,2016-06-22 19:49:43,2016-06-22 20:34:43
941,2016-06-22 19:52:44,2016-06-22 20:37:44
942,2016-06-22 19:58:19,2016-06-22 20:43:19
943,2016-06-22 20:07:30,2016-06-22 20:52:30
944,2016-06-22 20:20:55,2016-06-22 21:05:55
945,2016-06-22 20:42:15,2016-06-22 21:12:15
946,2016-06-22 20:51:12,2016-06-22 21:36:12
947,2016-06-22 21:10:41,2016-06-22 22:25:41
948,2016-06-22 21:44:20,2016-06-22 22:59:20
949,2016-06-22 22:01:43,2016-06-22 22:31:43
950,2016-06-22 22:02:42,2016-06-22 22:32:42
951,2016-06-22 22:08:03,2016-06-22 23:23:03
952,2016-06-22 22:23:58,2016-06-22 22:53:58
953,2016-06-22 22:22:53,2016-06-22 22:52:53
954,2016-06-22 22:34:05,2016-06-22 23:04:05
955,2016-06-22 22:42:15,2016-06-22 23:42:15
956,2016-06-22 23:26:28,2016-06-22 23:56:28
957,2016-06-22 23:28:00,2016-06-22 23:58:00
958,2016-06-22 23:54:48,2016-06-23 00:39:48
959,2016-06-23 00:12:46,2016-06-23 00:42:46
960,2016-06-23 01:32:38,2016-06-23 02:32:38
961,2016-06-23 01:32:06,2016-06-23 02:32:06
962,2016-06-23 01:37:25,2016-06-23 02:37:25
963,2016-06-23 02:30:30,2016-06-23 03:30:30
964,2016-06-23 02:22:17,2016-06-23 03:22:17
965,2016-06-23 02:48:04,2016-06-23 03:48:04
966,2016-06-23 03:04:28,2016-06-23 04:04:28
967,2016-06-23 03:33:33,2016-06-23 04:33:33
968,2016-06-23 03:34:59,2016-06-23 04:34:59
969,2016-06-23 06:12:18,2016-06-23 06:54:00
970,2016-06-23 06:42:10,2016-06-23 07:34:18
971,2016-06-23 07:26:37,2016-06-23 07:56:37
972,2016-06-23 07:10:03,2016-06-23 07:55:03
973,2016-06-23 07:12:38,2016-06-23 07:57:38
974,2016-06-23 08:42:50,2016-06-23 09:28:33
975,2016-06-23 08:48:31,2016-06-23 09:18:31
976,2016-06-23 09:00:24,2016-06-23 09:30:24
977,2016-06-23 08:59:12,2016-06-23 09:44:12
978,2016-06-23 09:29:19,2016-06-23 09:59:19
979,2016-06-23 09:20:26,2016-06-23 09:50:26
980,2016-06-23 09:22:33,2016-06-23 10:37:33
981,2016-06-23 09:28:40,2016-06-23 10:43:40
982,2016-06-23 09:38:38,2016-06-23 10:08:38
983,2016-06-23 09:36:50,2016-06-23 10:21:50
984,2016-06-23 09:30:59,2016-06-23 10:45:59
985,2016-06-23 09:57:56,2016-06-23 10:27:56
986,2016-06-23 09:50:39,2016-06-23 10:20:39
987,2016-06-23 09:52:09,2016-06-23 10:22:09
988,2016-06-23 10:01:11,2016-06-23 10:31:11
989,2016-06-23 09:55:31,2016-06-23 10:40:31
990,2016-06-23 10:14:53,2016-06-23 10:44:53
991,2016-06-23 10:17:23,2016-06-23 10:47:23
992,2016-06-23 10:19:30,2016-06-23 10:49:30
993,2016-06-23 10:31:07,2016-06-23 11:01:07
994,2016-06-23 10:22:09,2016-06-23 10:52:09
995,2016-06-23 10:31:51,2016-06-23 11:46:51
996,2016-06-23 10:32:51,2016-06-23 11:47:51
997,2016-06-23 10:31:12,2016-06-23 11:01:12
