Time_ID,Location_ID,Weather_Timestamp,Temperature(F),Weather_Condition,Wind_Chill(F),Humidity(%),Visibility(mi),Wind_Direction,Wind_Speed(mph),Pressure(in),Precipitation(in)
1,1,2016-02-08 05:58:00,36.9,Light Rain,,91.0,10.0,Calm,,29.68,0.02
2,2,2016-02-08 05:51:00,37.9,Light Rain,,100.0,10.0,Calm,,29.65,0.0
3,3,2016-02-08 06:56:00,36.0,Overcast,33.3,100.0,10.0,SW,3.5,29.67,
4,4,2016-02-08 07:38:00,35.1,Mostly Cloudy,31.0,96.0,9.0,SW,4.6,29.64,
5,5,2016-02-08 07:53:00,36.0,Mostly Cloudy,33.3,89.0,6.0,SW,3.5,29.65,
6,6,2016-02-08 07:51:00,37.9,Light Rain,35.5,97.0,7.0,SSW,3.5,29.63,0.03
7,7,2016-02-08 07:56:00,34.0,Overcast,31.0,100.0,7.0,WSW,3.5,29.66,
8,8,2016-02-08 07:56:00,34.0,Overcast,31.0,100.0,7.0,WSW,3.5,29.66,
9,9,2016-02-08 07:58:00,33.3,Mostly Cloudy,,99.0,5.0,SW,1.2,29.67,
10,6,2016-02-08 08:28:00,37.4,Light Rain,33.8,100.0,3.0,SSW,4.6,29.62,0.02
11,10,2016-02-08 07:50:00,35.6,Rain,30.7,93.0,5.0,WNW,5.8,29.64,
12,11,2016-02-08 08:28:00,37.4,Light Rain,33.8,100.0,3.0,SSW,4.6,29.62,0.02
13,12,2016-02-08 08:28:00,33.8,Overcast,,100.0,3.0,SW,2.3,29.63,
14,13,2016-02-08 08:56:00,36.0,Mostly Cloudy,31.1,89.0,10.0,NW,5.8,29.65,
15,14,2016-02-08 08:28:00,37.4,Light Rain,33.8,100.0,3.0,SSW,4.6,29.62,0.02
16,15,2016-02-08 08:28:00,33.8,Overcast,,100.0,3.0,SW,2.3,29.63,
17,16,2016-02-08 08:58:00,35.6,Mostly Cloudy,,99.0,7.0,WSW,2.3,29.65,
18,17,2016-02-08 08:56:00,36.0,Mostly Cloudy,31.1,89.0,10.0,NW,5.8,29.65,
19,18,2016-02-08 09:38:00,37.4,Overcast,32.1,93.0,10.0,WSW,6.9,29.63,
20,19,2016-02-08 09:56:00,36.0,Mostly Cloudy,30.3,89.0,10.0,West,6.9,29.65,
21,20,2016-02-08 10:14:00,33.8,Light Snow,29.6,100.0,2.0,NNW,4.6,29.62,0.01
22,21,2016-02-08 09:56:00,36.0,Mostly Cloudy,30.3,89.0,10.0,West,6.9,29.65,
23,22,2016-02-08 11:53:00,35.1,Overcast,28.6,89.0,6.0,WSW,8.1,29.65,0.02
24,23,2016-02-08 11:51:00,37.0,Overcast,32.4,96.0,8.0,West,5.8,29.63,0.0
25,24,2016-02-08 12:20:00,37.9,Overcast,30.9,76.0,10.0,WNW,10.4,29.62,
26,25,2016-02-08 12:51:00,37.9,Light Snow,34.4,100.0,5.0,West,4.6,29.6,0.01
27,26,2016-02-08 12:53:00,36.0,Light Snow,29.0,86.0,7.0,West,9.2,29.63,0.0
28,27,2016-02-08 13:56:00,39.9,Mostly Cloudy,32.9,70.0,10.0,WNW,11.5,29.61,0.0
29,28,2016-02-08 14:56:00,39.9,Mostly Cloudy,34.5,65.0,10.0,WNW,8.1,29.61,
30,29,2016-02-08 15:46:00,39.2,Mostly Cloudy,35.9,75.0,10.0,NNE,4.6,29.62,
31,30,2016-02-08 15:53:00,37.0,Overcast,31.6,89.0,10.0,West,6.9,29.61,0.0
32,31,2016-02-08 17:58:00,34.2,Light Rain,31.2,97.0,10.0,NW,3.5,29.66,0.02
33,32,2016-02-08 18:43:00,33.8,Overcast,28.6,100.0,6.0,South,5.8,29.62,
34,33,2016-02-08 19:51:00,34.0,Overcast,,100.0,6.0,Calm,,29.65,0.07
35,34,2016-02-08 20:27:00,33.1,Light Snow,26.1,92.0,7.0,WNW,8.1,29.63,0.0
36,35,2016-02-08 20:39:00,33.1,Overcast,25.5,92.0,9.0,WNW,9.2,29.63,0.0
37,36,2016-02-09 04:28:00,23.0,Light Snow,11.7,93.0,5.0,SW,11.5,29.65,
38,37,2016-02-09 04:55:00,23.0,Light Snow,11.7,93.0,2.5,WSW,11.5,29.63,
39,38,2016-02-09 04:58:00,22.8,Light Snow,11.5,89.0,4.0,SW,11.5,29.69,0.0
40,39,2016-02-09 05:27:00,26.6,Light Snow,18.2,86.0,1.5,West,8.1,29.62,0.01
41,40,2016-02-09 05:45:00,21.0,Light Snow,10.6,85.0,0.8,SW,9.2,29.67,0.01
42,41,2016-02-09 05:58:00,23.0,Light Snow,12.4,86.0,3.0,SW,10.4,29.71,0.0
43,42,2016-02-09 05:54:00,19.9,Light Snow,6.7,89.0,1.8,WSW,13.8,29.75,0.0
44,43,2016-02-09 05:51:00,25.0,Light Snow,15.5,88.0,1.0,SW,9.2,29.65,0.02
45,44,2016-02-09 06:03:00,23.0,Light Snow,10.1,88.0,2.0,West,15.0,29.66,0.0
46,45,2016-02-09 05:51:00,25.0,Light Snow,15.5,88.0,1.0,SW,9.2,29.65,0.02
47,46,2016-02-09 06:22:00,26.1,Light Snow,15.0,84.0,2.0,West,12.7,29.63,0.0
48,47,2016-02-09 06:36:00,24.8,Light Snow,16.1,86.0,1.0,SW,8.1,29.64,0.01
49,48,2016-02-09 06:51:00,23.0,Light Snow,11.7,86.0,4.0,SW,11.5,29.68,
50,49,2016-02-09 06:51:00,23.0,Light Snow,11.7,86.0,4.0,SW,11.5,29.68,
51,50,2016-02-09 06:56:00,21.9,Light Snow,9.8,92.0,2.0,WSW,12.7,29.71,0.01
52,51,2016-02-09 06:56:00,21.9,Light Snow,9.8,92.0,2.0,WSW,12.7,29.71,0.01
53,8,2016-02-09 06:56:00,21.9,Light Snow,9.8,92.0,2.0,WSW,12.7,29.71,0.01
54,52,2016-02-09 07:20:00,21.2,Light Snow,8.3,93.0,1.5,WSW,13.8,29.66,
55,53,2016-02-09 07:12:00,21.0,Light Snow,10.6,85.0,1.2,WSW,9.2,29.69,0.0
56,54,2016-02-09 06:56:00,21.0,Light Snow,10.6,93.0,2.5,WSW,9.2,29.73,
57,55,2016-02-09 07:08:00,21.9,Light Snow,9.8,92.0,2.0,WSW,12.7,29.68,0.0
58,56,2016-02-09 07:58:00,22.5,Light Snow,12.4,90.0,1.2,SW,9.2,29.73,0.0
59,57,2016-02-09 07:58:00,22.5,Light Snow,12.4,90.0,1.2,SW,9.2,29.73,0.0
60,58,2016-02-09 07:58:00,22.5,Light Snow,12.4,90.0,1.2,SW,9.2,29.73,0.0
61,59,2016-02-09 07:50:00,24.8,Light Snow,16.1,86.0,1.8,West,8.1,29.65,0.0
62,60,2016-02-09 07:54:00,21.2,Light Snow,8.9,93.0,2.0,West,12.7,29.69,0.0
63,61,2016-02-09 08:14:00,21.0,Light Snow,10.6,81.0,1.2,WSW,9.2,29.7,0.0
64,62,2016-02-09 08:14:00,21.0,Light Snow,10.6,81.0,1.2,WSW,9.2,29.7,0.0
65,63,2016-02-09 07:50:00,21.9,Light Snow,10.4,85.0,0.8,SW,11.5,29.7,0.0
66,64,2016-02-09 08:14:00,21.0,Light Snow,10.6,81.0,1.2,WSW,9.2,29.7,0.0
67,65,2016-02-09 08:14:00,21.0,Light Snow,10.6,81.0,1.2,WSW,9.2,29.7,0.0
68,66,2016-02-09 08:28:00,32.0,Overcast,22.5,82.0,10.0,WSW,12.7,29.58,
69,67,2016-02-09 08:28:00,32.0,Overcast,22.5,82.0,10.0,WSW,12.7,29.58,
70,68,2016-02-09 09:50:00,21.2,Overcast,9.5,93.0,5.0,WSW,11.5,29.69,
71,69,2016-02-09 11:04:00,27.0,Light Snow,13.5,81.0,2.5,WSW,19.6,29.64,0.0
72,70,2016-02-10 06:16:00,16.2,Light Snow,4.7,81.0,5.0,West,9.2,29.95,
73,71,2016-02-10 06:19:00,15.8,Light Snow,2.7,73.0,4.0,WSW,11.5,29.87,0.0
74,72,2016-02-10 06:19:00,15.8,Light Snow,2.7,73.0,4.0,WSW,11.5,29.87,0.0
75,73,2016-02-10 06:58:00,15.4,Light Snow,1.0,82.0,7.0,SW,13.8,29.95,0.0
76,74,2016-02-10 07:55:00,14.0,Light Snow,-1.4,93.0,7.0,West,15.0,29.89,
77,75,2016-02-10 07:51:00,15.1,Light Snow,4.2,77.0,1.0,SW,8.1,29.92,0.01
78,76,2016-02-10 07:56:00,15.8,Light Snow,6.1,88.0,1.8,West,6.9,29.96,
79,77,2016-02-10 07:53:00,16.0,Light Snow,1.7,81.0,1.5,WSW,13.8,29.91,0.0
80,78,2016-02-10 08:16:00,15.8,Light Snow,2.7,84.0,4.0,West,11.5,29.97,
81,79,2016-02-10 08:51:00,16.0,Light Snow,4.4,77.0,1.0,WSW,9.2,29.93,0.0
82,80,2016-02-10 08:55:00,17.6,Haze,5.0,79.0,3.0,West,11.5,29.87,
83,52,2016-02-10 09:50:00,15.8,Light Snow,3.4,79.0,1.5,West,10.4,29.91,
84,81,2016-02-10 10:51:00,17.1,Light Snow,3.0,77.0,1.5,West,13.8,29.96,0.0
85,82,2016-02-10 16:54:00,19.9,Light Snow,8.6,81.0,1.0,WNW,10.4,29.89,0.0
86,83,2016-02-10 18:10:00,19.9,Light Snow,7.3,78.0,4.0,WNW,12.7,29.87,0.0
87,84,2016-02-10 18:52:00,16.0,Overcast,2.9,77.0,7.0,WSW,11.5,29.97,0.0
88,85,2016-02-11 05:51:00,14.0,Light Snow,0.5,56.0,9.0,NW,11.5,30.14,0.0
89,86,2016-02-11 05:30:00,14.0,Light Snow,1.2,74.0,4.0,NW,10.4,30.03,0.0
90,4,2016-02-11 05:56:00,7.0,Scattered Clouds,-5.7,87.0,10.0,West,8.1,30.22,
91,87,2016-02-11 06:16:00,15.4,Overcast,,70.0,10.0,Calm,,30.18,
92,88,2016-02-11 06:53:00,17.1,Overcast,-0.3,59.0,10.0,NW,21.9,30.12,
93,89,2016-02-11 06:53:00,6.1,Partly Cloudy,-6.8,83.0,10.0,West,8.1,30.22,
94,90,2016-02-11 07:15:00,5.0,Clear,-2.1,81.0,10.0,SW,3.5,30.2,
95,91,2016-02-11 07:28:00,12.0,Light Snow,0.5,80.0,2.0,West,8.1,30.08,0.0
96,92,2016-02-11 07:54:00,7.0,Overcast,,77.0,10.0,North,,30.24,
97,93,2016-02-11 07:51:00,15.1,Mostly Cloudy,-1.6,51.0,10.0,NW,18.4,30.18,
98,94,2016-02-11 07:53:00,9.0,Clear,,77.0,9.0,Calm,,30.26,
99,95,2016-02-11 07:58:00,7.5,Scattered Clouds,-1.1,87.0,10.0,SSW,4.6,30.28,
100,58,2016-02-11 07:58:00,7.5,Scattered Clouds,-1.1,87.0,10.0,SSW,4.6,30.28,
101,96,2016-02-11 08:51:00,12.0,Overcast,2.7,70.0,9.0,WNW,5.8,30.27,
102,97,2016-02-11 08:53:00,12.0,Overcast,1.5,77.0,10.0,West,6.9,30.26,
103,98,2016-02-11 08:53:00,18.0,Overcast,-0.2,54.0,10.0,WNW,25.3,30.16,
104,99,2016-02-11 08:53:00,12.0,Clear,,73.0,10.0,Calm,,30.28,
104,100,2016-02-11 08:56:00,10.9,Mostly Cloudy,0.2,77.0,10.0,WNW,6.9,30.29,
105,57,2016-02-11 09:58:00,13.6,Overcast,7.7,74.0,10.0,Variable,3.5,30.32,
106,101,2016-02-11 09:35:00,10.4,Overcast,2.2,78.0,10.0,South,4.6,30.25,
107,102,2016-02-11 09:58:00,13.6,Overcast,7.7,74.0,10.0,Variable,3.5,30.32,
108,103,2016-02-11 10:56:00,18.0,Mostly Cloudy,6.1,68.0,10.0,WNW,10.4,30.32,
109,104,2016-02-11 10:53:00,18.0,Clear,8.7,54.0,10.0,WNW,6.9,30.31,
110,105,2016-02-11 10:58:00,18.5,Mostly Cloudy,7.5,62.0,10.0,WNW,9.2,30.32,
111,106,2016-02-11 11:56:00,19.9,Mostly Cloudy,9.3,65.0,10.0,WNW,9.2,30.32,
112,107,2016-02-11 11:56:00,19.9,Mostly Cloudy,9.3,65.0,10.0,WNW,9.2,30.32,
113,108,2016-02-11 13:58:00,21.6,Mostly Cloudy,13.0,49.0,10.0,West,6.9,30.3,
114,109,2016-02-11 13:58:00,21.6,Mostly Cloudy,13.0,49.0,10.0,West,6.9,30.3,
115,110,2016-02-11 15:56:00,21.0,Mostly Cloudy,14.6,57.0,10.0,WNW,4.6,30.32,
116,111,2016-02-11 16:56:00,21.0,Mostly Cloudy,11.4,57.0,10.0,North,8.1,30.33,
117,112,2016-02-11 16:56:00,21.0,Mostly Cloudy,11.4,57.0,10.0,North,8.1,30.33,
118,113,2016-02-11 17:58:00,21.0,Mostly Cloudy,11.4,51.0,10.0,NW,8.1,30.34,
119,114,2016-02-11 18:51:00,19.0,Light Snow,,57.0,9.0,Calm,,30.34,0.0
120,115,2016-02-11 19:51:00,17.1,Mostly Cloudy,11.7,62.0,10.0,SW,3.5,30.35,0.0
121,116,2016-02-11 20:56:00,17.1,Scattered Clouds,,68.0,10.0,Calm,,30.35,
122,117,2016-02-12 16:13:00,26.6,Light Snow,14.3,59.0,10.0,West,16.1,30.04,
123,118,2016-02-12 16:58:00,25.5,Light Snow,12.9,66.0,7.0,West,16.1,30.11,0.0
124,119,2016-02-12 17:50:00,23.0,Light Snow,11.1,80.0,3.0,West,12.7,30.03,0.0
125,97,2016-02-12 19:53:00,19.0,Light Snow,1.6,71.0,5.0,NW,24.2,30.14,0.0
126,120,2016-02-12 19:53:00,19.0,Light Snow,1.6,71.0,5.0,NW,24.2,30.14,0.0
127,121,2016-02-12 20:35:00,19.9,Scattered Clouds,3.2,62.0,10.0,NW,23.0,30.13,
128,122,2016-02-12 23:51:00,16.0,Mostly Cloudy,1.7,68.0,10.0,NW,13.8,30.25,0.0
129,123,2016-02-13 10:51:00,10.0,Partly Cloudy,-4.5,44.0,10.0,NW,11.5,30.54,
130,124,2016-02-13 10:56:00,8.1,Scattered Clouds,-8.4,61.0,10.0,WNW,13.8,30.48,
131,125,2016-02-13 10:52:00,7.0,Clear,-8.3,58.0,10.0,WNW,11.5,30.49,
132,126,2016-02-13 10:56:00,10.9,Scattered Clouds,-1.8,51.0,10.0,NW,9.2,30.57,
133,127,2016-02-13 12:51:00,12.9,Mostly Cloudy,-3.4,43.0,10.0,NNW,16.1,30.53,
134,128,2016-02-13 12:51:00,12.9,Mostly Cloudy,-3.4,43.0,10.0,NNW,16.1,30.53,
135,129,2016-02-14 09:51:00,10.0,Scattered Clouds,0.4,70.0,10.0,SE,5.8,30.52,
136,130,2016-02-14 10:51:00,12.9,Scattered Clouds,-0.2,65.0,10.0,SSE,10.4,30.5,
137,131,2016-02-14 10:51:00,12.9,Scattered Clouds,-0.2,65.0,10.0,SSE,10.4,30.5,
138,43,2016-02-14 18:06:00,15.8,Snow,3.4,79.0,0.5,ESE,10.4,30.24,0.0
139,132,2016-02-14 19:15:00,17.6,Light Snow,,86.0,1.0,Calm,,30.23,
140,133,2016-02-15 04:54:00,23.0,Overcast,13.9,96.0,2.5,SSE,8.1,30.09,
141,134,2016-02-15 05:03:00,23.0,Overcast,13.9,92.0,1.5,SSE,8.1,29.97,
142,135,2016-02-15 05:51:00,21.9,Light Freezing Drizzle,14.5,89.0,5.0,SE,5.8,30.06,0.0
143,136,2016-02-15 06:15:00,22.8,Light Snow,13.6,96.0,3.0,SSE,8.1,30.02,
144,137,2016-02-15 07:01:00,23.0,Light Freezing Drizzle,15.8,86.0,3.0,SE,5.8,30.03,0.0
145,138,2016-02-15 06:56:00,23.0,Light Freezing Drizzle,15.8,96.0,0.2,SSE,5.8,30.03,0.0
146,139,2016-02-15 06:58:00,24.1,Light Snow,17.0,98.0,1.5,SSE,5.8,30.04,0.0
147,140,2016-02-15 07:20:00,24.8,Light Snow,17.9,100.0,1.5,SE,5.8,30.01,
148,141,2016-02-15 07:38:00,24.8,Light Freezing Drizzle,,100.0,1.5,SSW,2.3,30.04,
149,142,2016-02-15 07:56:00,24.1,Light Freezing Drizzle,18.2,96.0,0.8,SE,4.6,30.02,0.0
150,143,2016-02-15 07:51:00,21.0,Light Snow,9.3,85.0,4.0,SSE,11.5,30.1,0.0
151,4,2016-02-15 07:56:00,24.1,Light Freezing Drizzle,18.2,96.0,0.8,SE,4.6,30.02,0.0
152,53,2016-02-15 07:53:00,26.1,Overcast,17.6,92.0,4.0,South,8.1,30.01,
153,144,2016-02-15 07:51:00,24.1,Light Freezing Drizzle,17.0,91.0,1.0,SE,5.8,30.06,0.01
154,145,2016-02-15 08:23:00,25.0,Overcast,17.1,96.0,0.8,South,6.9,29.99,0.0
155,146,2016-02-15 07:51:00,24.1,Light Freezing Drizzle,17.0,91.0,1.0,SE,5.8,30.06,0.01
156,147,2016-02-15 08:03:00,23.0,Overcast,15.8,85.0,2.0,SSE,5.8,30.03,
157,148,2016-02-15 08:51:00,26.1,Light Freezing Drizzle,19.4,88.0,1.0,SSE,5.8,30.06,0.01
158,149,2016-02-15 08:58:00,27.0,Light Freezing Drizzle,23.0,98.0,2.5,SSW,3.5,30.04,0.0
159,150,2016-02-15 11:51:00,32.0,Overcast,26.4,100.0,1.5,SSE,5.8,29.99,
160,151,2016-02-15 12:54:00,32.0,Overcast,24.8,85.0,5.0,South,8.1,29.99,
161,150,2016-02-15 12:27:00,32.0,Overcast,26.4,100.0,4.0,South,5.8,29.98,
162,152,2016-02-15 12:51:00,30.9,Mostly Cloudy,23.5,89.0,2.0,South,8.1,29.99,0.0
163,153,2016-02-15 17:51:00,33.1,Overcast,27.7,82.0,7.0,SSE,5.8,29.95,
164,154,2016-02-15 18:35:00,33.6,Light Drizzle,30.6,94.0,7.0,East,3.5,29.86,
165,155,2016-02-15 19:35:00,32.9,Overcast,,100.0,1.8,Calm,,29.86,
166,156,2016-02-15 20:52:00,32.0,Fog,26.4,100.0,0.5,ESE,5.8,29.88,
167,97,2016-02-16 03:53:00,32.0,Light Snow,24.8,100.0,1.2,NW,8.1,29.71,0.04
168,157,2016-02-16 04:54:00,34.0,Light Snow,28.0,89.0,1.2,North,6.9,29.67,0.03
169,155,2016-02-16 05:15:00,32.2,Light Snow,25.8,100.0,3.0,NW,6.9,29.7,
170,158,2016-02-16 05:35:00,32.0,Light Snow,26.4,99.0,2.5,NNW,5.8,29.69,
171,97,2016-02-16 05:53:00,33.1,Overcast,26.1,96.0,5.0,NNW,8.1,29.71,0.0
172,159,2016-02-16 05:53:00,33.1,Overcast,26.1,96.0,5.0,NNW,8.1,29.71,0.0
173,160,2016-02-16 06:53:00,32.0,Overcast,23.0,96.0,5.0,NNW,11.5,29.71,
174,161,2016-02-16 06:51:00,32.0,Overcast,23.6,92.0,2.0,NNW,10.4,29.71,0.01
175,162,2016-02-16 06:56:00,30.9,Overcast,22.2,96.0,2.0,NW,10.4,29.78,
176,132,2016-02-16 06:15:00,32.2,Overcast,25.8,100.0,4.0,NNW,6.9,29.69,
177,163,2016-02-16 06:51:00,32.0,Light Snow,24.8,92.0,1.8,North,8.1,29.73,0.02
178,164,2016-02-16 06:53:00,32.0,Overcast,24.8,88.0,3.0,NW,8.1,29.76,
179,165,2016-02-16 06:55:00,32.0,Overcast,24.8,99.0,7.0,NW,8.1,29.7,
180,166,2016-02-16 07:25:00,32.0,Overcast,25.6,100.0,3.0,NNW,6.9,29.72,
181,167,2016-02-16 07:15:00,32.0,Overcast,23.6,99.0,7.0,NW,10.4,29.71,
182,168,2016-02-16 07:25:00,32.0,Overcast,25.6,100.0,3.0,NNW,6.9,29.72,
183,169,2016-02-16 07:27:00,30.0,Overcast,21.1,100.0,2.0,NNW,10.4,29.75,
184,170,2016-02-16 07:53:00,32.0,Overcast,24.2,96.0,3.0,NW,9.2,29.75,
185,171,2016-02-16 07:52:00,30.0,Overcast,21.1,100.0,5.0,NNW,10.4,29.73,0.0
186,86,2016-02-16 07:54:00,34.0,Light Snow,28.0,89.0,1.8,North,6.9,29.68,0.0
187,172,2016-02-16 07:51:00,32.0,Overcast,24.8,88.0,5.0,NNW,8.1,29.75,
188,173,2016-02-16 07:53:00,32.0,Overcast,24.2,96.0,3.0,NW,9.2,29.75,
189,174,2016-02-16 08:12:00,30.9,Overcast,22.8,100.0,1.0,WNW,9.2,29.76,
190,175,2016-02-16 08:47:00,32.0,Overcast,28.7,100.0,2.5,NW,3.5,29.77,
191,176,2016-02-16 08:41:00,30.0,Overcast,23.2,96.0,1.5,NW,6.9,29.79,
192,177,2016-02-16 08:51:00,32.0,Overcast,24.8,88.0,4.0,NW,8.1,29.78,
193,178,2016-02-16 08:35:00,32.0,Overcast,26.4,97.0,3.0,NW,5.8,29.76,
194,179,2016-02-16 08:53:00,32.0,Overcast,26.4,96.0,2.5,NW,5.8,29.78,
195,179,2016-02-16 10:00:00,33.1,Overcast,24.9,92.0,2.5,WNW,10.4,29.77,
196,180,2016-02-16 10:58:00,31.1,Overcast,25.4,88.0,6.0,WNW,5.8,29.86,
197,181,2016-02-16 11:29:00,30.9,Haze,22.8,76.0,6.0,WNW,9.2,29.81,
198,182,2016-02-16 11:06:00,30.0,Light Snow,24.1,92.0,1.8,NW,5.8,29.82,0.0
199,183,2016-02-16 10:58:00,31.1,Overcast,25.4,88.0,6.0,WNW,5.8,29.86,
200,184,2016-02-16 10:58:00,31.1,Overcast,25.4,88.0,6.0,WNW,5.8,29.86,
201,159,2016-02-16 11:36:00,32.0,Overcast,23.0,92.0,2.5,West,11.5,29.78,
202,185,2016-02-16 13:54:00,35.1,Overcast,27.9,89.0,2.0,WSW,9.2,29.81,
203,186,2016-02-16 13:58:00,32.4,Overcast,25.3,79.0,10.0,West,8.1,29.81,
204,187,2016-02-16 16:51:00,32.0,Overcast,24.2,75.0,7.0,WNW,9.2,29.82,0.0
205,188,2016-02-17 05:58:00,30.4,Overcast,26.9,90.0,10.0,West,3.5,30.08,
206,189,2016-02-17 05:56:00,30.0,Overcast,23.2,88.0,6.0,WNW,6.9,30.07,
207,190,2016-02-17 06:46:00,28.4,Overcast,21.2,80.0,7.0,WNW,6.9,30.05,
208,191,2016-02-17 06:37:00,30.9,Overcast,27.5,91.0,7.0,West,3.5,30.07,
209,192,2016-02-17 06:54:00,28.0,Overcast,21.7,81.0,7.0,SW,5.8,30.03,0.0
210,193,2016-02-17 07:20:00,28.0,Overcast,20.8,85.0,6.0,West,6.9,30.03,
211,194,2016-02-17 07:06:00,30.0,Haze,24.1,82.0,5.0,West,5.8,30.07,
212,86,2016-02-17 06:54:00,28.0,Overcast,21.7,81.0,7.0,SW,5.8,30.03,0.0
213,195,2016-02-17 07:56:00,30.0,Overcast,22.4,92.0,3.0,NW,8.1,30.14,
214,196,2016-02-17 07:28:00,30.0,Overcast,26.5,79.0,7.0,WSW,3.5,30.08,
215,181,2016-02-17 07:53:00,30.0,Overcast,25.2,85.0,3.0,West,4.6,30.12,
216,197,2016-02-17 07:37:00,31.1,Overcast,24.5,92.0,7.0,West,6.9,30.11,
217,198,2016-02-17 07:44:00,30.2,Haze,23.4,75.0,5.0,West,6.9,30.08,
218,199,2016-02-17 07:54:00,28.0,Haze,22.8,81.0,6.0,WSW,4.6,30.06,
219,200,2016-02-17 07:58:00,30.7,Overcast,24.9,90.0,4.0,WNW,5.8,30.14,
220,58,2016-02-17 07:58:00,30.7,Overcast,24.9,90.0,4.0,WNW,5.8,30.14,
221,201,2016-02-17 07:50:00,28.4,Haze,21.2,80.0,6.0,WSW,6.9,30.02,
222,202,2016-02-17 07:56:00,27.0,Overcast,18.0,85.0,4.0,WSW,9.2,30.08,
223,66,2016-02-17 08:15:00,30.0,Light Snow,21.1,82.0,6.0,WSW,10.4,30.05,0.0
224,203,2016-02-17 08:56:00,30.0,Overcast,22.4,96.0,2.5,NW,8.1,30.18,
225,49,2016-02-17 08:58:00,31.1,Overcast,25.4,92.0,6.0,WNW,5.8,30.18,
226,204,2016-02-17 09:56:00,32.0,Overcast,26.4,88.0,4.0,West,5.8,30.2,
227,205,2016-02-17 09:53:00,33.1,Haze,27.7,72.0,5.0,West,5.8,30.16,
228,206,2016-02-17 10:30:00,32.0,Haze,26.4,82.0,4.0,West,5.8,30.18,
229,207,2016-02-17 09:53:00,33.1,Haze,23.9,82.0,3.0,West,12.7,30.14,
230,208,2016-02-17 12:53:00,35.1,Overcast,32.2,67.0,9.0,NW,3.5,30.23,
231,209,2016-02-17 12:56:00,36.0,Mostly Cloudy,28.5,59.0,10.0,NNW,10.4,30.23,
232,210,2016-02-17 16:51:00,35.1,Overcast,26.4,61.0,9.0,West,12.7,30.26,
233,211,2016-02-18 04:35:00,31.1,Overcast,27.7,69.0,10.0,NW,3.5,30.39,
234,212,2016-02-18 05:56:00,27.0,Mostly Cloudy,,81.0,7.0,Calm,,30.45,
235,213,2016-02-18 06:53:00,19.0,Clear,11.1,71.0,10.0,SE,5.8,30.52,
236,196,2016-02-18 06:53:00,28.0,Overcast,21.7,78.0,9.0,NNE,5.8,30.48,
237,86,2016-02-18 07:43:00,3.9,Clear,,91.0,1.8,Calm,,30.49,
238,214,2016-02-18 07:50:00,23.0,Mostly Cloudy,,86.0,7.0,Calm,,30.48,
239,215,2016-02-18 07:51:00,12.9,Clear,6.9,88.0,8.0,SSE,3.5,30.58,
240,85,2016-02-18 07:51:00,12.9,Clear,6.9,88.0,8.0,SSE,3.5,30.58,
241,216,2016-02-18 07:56:00,26.1,Haze,,81.0,5.0,Calm,,30.5,
242,217,2016-02-18 07:58:00,25.9,Mostly Cloudy,,86.0,10.0,Calm,,30.5,
243,172,2016-02-18 07:51:00,27.0,Scattered Clouds,23.0,75.0,7.0,East,3.5,30.51,
244,218,2016-02-18 07:53:00,27.0,Haze,23.0,78.0,5.0,South,3.5,30.48,
245,219,2016-02-18 07:58:00,25.9,Mostly Cloudy,,86.0,10.0,Calm,,30.5,
246,220,2016-02-18 07:58:00,25.9,Mostly Cloudy,,86.0,10.0,Calm,,30.5,
247,221,2016-02-18 07:51:00,27.0,Scattered Clouds,23.0,75.0,7.0,East,3.5,30.51,
248,222,2016-02-18 08:51:00,16.0,Clear,6.3,81.0,10.0,ESE,6.9,30.62,
249,223,2016-02-18 08:53:00,28.9,Haze,,75.0,6.0,Calm,,30.5,
250,224,2016-02-18 08:56:00,30.9,Haze,27.5,79.0,5.0,SE,3.5,30.51,
251,225,2016-02-18 08:51:00,16.0,Clear,6.3,81.0,10.0,ESE,6.9,30.62,
252,226,2016-02-18 08:53:00,27.0,Clear,19.5,85.0,8.0,East,6.9,30.53,
253,227,2016-02-18 08:58:00,30.4,Mostly Cloudy,,82.0,10.0,Calm,,30.52,
254,132,2016-02-18 08:50:00,26.6,Clear,,80.0,7.0,Calm,,30.5,
255,228,2016-02-18 08:51:00,16.0,Clear,6.3,81.0,10.0,ESE,6.9,30.62,
256,229,2016-02-18 09:51:00,30.0,Mostly Cloudy,23.2,72.0,7.0,East,6.9,30.53,
257,230,2016-02-18 09:51:00,21.9,Clear,12.5,63.0,10.0,ESE,8.1,30.62,
258,231,2016-02-18 09:51:00,21.9,Clear,12.5,63.0,10.0,ESE,8.1,30.62,
259,66,2016-02-18 09:53:00,24.1,Clear,17.0,62.0,10.0,SSE,5.8,30.59,
260,232,2016-02-18 08:58:00,30.4,Mostly Cloudy,,82.0,10.0,Calm,,30.52,
261,214,2016-02-18 09:50:00,32.0,Scattered Clouds,26.4,75.0,7.0,ESE,5.8,30.51,
262,44,2016-02-18 11:56:00,39.0,Mostly Cloudy,33.4,60.0,9.0,South,8.1,30.53,
263,233,2016-02-18 13:53:00,37.9,Clear,31.5,57.0,10.0,South,9.2,30.47,
264,234,2016-02-18 15:58:00,39.9,Mostly Cloudy,33.4,53.0,10.0,SE,10.4,30.45,
265,235,2016-02-18 15:58:00,39.9,Mostly Cloudy,33.4,53.0,10.0,SE,10.4,30.45,
266,236,2016-02-18 15:58:00,39.9,Mostly Cloudy,33.4,53.0,10.0,SE,10.4,30.45,
267,237,2016-02-18 16:56:00,37.9,Overcast,28.2,60.0,10.0,SSE,18.4,30.41,
268,238,2016-02-18 16:53:00,37.9,Clear,28.9,55.0,10.0,SE,16.1,30.41,
269,239,2016-02-18 16:51:00,35.1,Overcast,29.3,57.0,9.0,ESE,6.9,30.47,
270,240,2016-02-18 17:53:00,36.0,Clear,28.5,59.0,10.0,ESE,10.4,30.43,
271,241,2016-02-19 03:56:00,39.9,Overcast,30.8,63.0,10.0,SSE,18.4,30.13,
272,242,2016-02-19 04:53:00,39.9,Clear,32.9,60.0,10.0,South,11.5,30.12,
273,243,2016-02-19 04:55:00,35.4,Clear,28.4,68.0,10.0,SE,9.2,30.18,
274,52,2016-02-19 05:15:00,34.9,Clear,27.1,70.0,10.0,SSE,10.4,30.16,
275,244,2016-02-19 06:15:00,35.4,Clear,29.7,68.0,10.0,SSE,6.9,30.15,
276,245,2016-02-19 06:36:00,43.5,Clear,37.1,57.0,10.0,South,12.7,30.11,
277,246,2016-02-19 06:58:00,41.0,Clear,34.7,61.0,10.0,SSE,10.4,30.1,
278,247,2016-02-19 06:51:00,36.0,Mostly Cloudy,27.5,57.0,10.0,SE,12.7,30.16,
279,248,2016-02-19 07:51:00,37.0,Overcast,28.9,57.0,10.0,SE,12.7,30.15,
280,249,2016-02-19 07:58:00,42.8,Mostly Cloudy,37.0,60.0,10.0,SSE,10.4,30.08,
281,250,2016-02-19 07:53:00,37.0,Clear,29.3,62.0,10.0,SE,11.5,30.12,
282,251,2016-02-19 07:53:00,37.0,Clear,29.3,62.0,10.0,SE,11.5,30.12,
283,252,2016-02-19 07:58:00,42.8,Mostly Cloudy,37.0,60.0,10.0,SSE,10.4,30.08,
284,253,2016-02-19 07:53:00,43.0,Clear,34.5,53.0,10.0,South,19.6,29.98,
285,254,2016-02-19 07:51:00,37.0,Overcast,28.9,57.0,10.0,SE,12.7,30.15,
286,255,2016-02-19 08:58:00,47.7,Overcast,,52.0,10.0,South,17.3,30.06,
287,256,2016-02-19 08:56:00,48.0,Overcast,,52.0,10.0,South,27.6,30.03,
288,257,2016-02-19 08:58:00,47.7,Overcast,,52.0,10.0,South,17.3,30.06,
289,258,2016-02-19 09:58:00,49.6,Overcast,,50.0,10.0,South,23.0,30.03,
290,259,2016-02-19 10:58:00,53.8,Mostly Cloudy,,45.0,10.0,South,25.3,29.97,
291,260,2016-02-19 11:56:00,57.0,Scattered Clouds,,44.0,10.0,SSW,27.6,29.91,
292,261,2016-02-19 11:56:00,57.0,Scattered Clouds,,44.0,10.0,SSW,27.6,29.91,
293,262,2016-02-19 11:58:00,59.4,Clear,,37.0,10.0,SSW,29.9,29.93,
294,263,2016-02-19 11:58:00,59.4,Clear,,37.0,10.0,SSW,29.9,29.93,
295,264,2016-02-19 11:36:00,46.4,Clear,39.2,57.0,10.0,South,18.4,29.95,
296,265,2016-02-19 14:53:00,57.0,Overcast,,47.0,10.0,South,21.9,29.81,
297,266,2016-02-19 14:53:00,57.0,Overcast,,47.0,10.0,South,21.9,29.81,
298,267,2016-02-19 15:58:00,65.1,Clear,,34.0,10.0,SSW,24.2,29.79,
299,268,2016-02-19 15:58:00,65.1,Clear,,34.0,10.0,SSW,24.2,29.79,
300,269,2016-02-19 17:53:00,57.0,Clear,,49.0,10.0,SSW,15.0,29.82,
301,270,2016-02-22 04:58:00,29.5,Clear,23.4,94.0,10.0,North,5.8,30.14,
302,271,2016-02-22 05:53:00,28.0,Clear,21.7,85.0,10.0,NNE,5.8,30.21,
303,272,2016-02-22 06:51:00,30.9,Partly Cloudy,27.5,82.0,10.0,NE,3.5,30.16,
304,273,2016-02-22 06:51:00,30.9,Partly Cloudy,27.5,82.0,10.0,NE,3.5,30.16,
305,90,2016-02-22 07:15:00,32.0,Overcast,26.4,91.0,10.0,NNE,5.8,30.15,
306,274,2016-02-22 07:28:00,28.4,Shallow Fog,,93.0,10.0,NE,2.3,30.17,
307,196,2016-02-22 07:53:00,33.1,Overcast,26.9,85.0,10.0,NE,6.9,30.17,
308,275,2016-02-22 07:53:00,28.9,Clear,25.2,96.0,10.0,NNW,3.5,30.18,
309,276,2016-02-22 07:58:00,27.9,Clear,24.0,97.0,10.0,NE,3.5,30.18,
310,277,2016-02-22 07:58:00,27.9,Clear,24.0,97.0,10.0,NE,3.5,30.18,
311,278,2016-02-22 07:51:00,32.0,Partly Cloudy,,82.0,10.0,Calm,,30.17,
312,279,2016-02-22 08:17:00,32.5,Clear,28.1,94.0,10.0,NNE,4.6,30.14,
313,280,2016-02-22 07:53:00,28.9,Clear,25.2,96.0,10.0,NNW,3.5,30.18,
314,281,2016-02-22 08:51:00,35.1,Scattered Clouds,30.1,76.0,10.0,NE,5.8,30.17,
315,282,2016-02-22 08:53:00,36.0,Clear,33.3,79.0,10.0,NE,3.5,30.17,
316,283,2016-02-22 08:53:00,34.0,Clear,26.6,79.0,10.0,ENE,9.2,30.16,
317,284,2016-02-22 08:56:00,33.1,Scattered Clouds,26.9,89.0,10.0,NE,6.9,30.18,
318,285,2016-02-22 09:56:00,36.0,Scattered Clouds,29.6,82.0,10.0,NE,8.1,30.18,
319,286,2016-02-22 09:58:00,37.0,Clear,32.4,77.0,10.0,NE,5.8,30.18,
320,287,2016-02-22 09:58:00,37.0,Clear,32.4,77.0,10.0,NE,5.8,30.18,
321,288,2016-02-22 09:56:00,36.0,Scattered Clouds,29.6,82.0,10.0,NE,8.1,30.18,
322,289,2016-02-22 10:56:00,41.0,Mostly Cloudy,34.3,62.0,10.0,NE,11.5,30.17,
323,290,2016-02-22 11:29:00,42.8,Scattered Clouds,38.0,57.0,10.0,East,8.1,30.13,
324,291,2016-02-22 11:29:00,42.8,Scattered Clouds,38.0,57.0,10.0,East,8.1,30.13,
325,292,2016-02-22 11:56:00,43.0,Mostly Cloudy,38.8,53.0,10.0,NNE,6.9,30.16,
326,293,2016-02-22 13:53:00,41.0,Mostly Cloudy,34.3,62.0,10.0,NE,11.5,30.18,
327,257,2016-02-22 15:58:00,48.7,Clear,,47.0,10.0,NNE,6.9,30.1,
328,294,2016-02-22 16:53:00,48.0,Clear,,50.0,10.0,ENE,5.8,30.06,
329,295,2016-02-22 16:56:00,46.9,Scattered Clouds,,52.0,10.0,NE,9.2,30.09,
330,296,2016-02-22 16:58:00,47.5,Clear,,49.0,10.0,NE,11.5,30.09,
331,196,2016-02-23 06:53:00,30.9,Mostly Cloudy,27.5,72.0,10.0,NE,3.5,30.07,
332,297,2016-02-23 06:53:00,30.0,Clear,21.1,69.0,10.0,ENE,10.4,30.02,
333,298,2016-02-23 07:18:00,31.8,Clear,28.5,79.0,10.0,ENE,3.5,30.0,
334,299,2016-02-23 06:53:00,28.9,Clear,21.9,69.0,10.0,NE,6.9,30.07,
335,300,2016-02-23 07:57:00,32.0,Clear,26.4,79.0,10.0,ENE,5.8,29.98,
336,301,2016-02-23 07:53:00,30.9,Clear,22.2,67.0,10.0,ENE,10.4,30.01,
337,22,2016-02-23 07:53:00,30.9,Clear,22.2,67.0,10.0,ENE,10.4,30.01,
338,302,2016-02-23 08:50:00,33.8,Clear,27.0,65.0,10.0,NE,8.1,30.01,
339,176,2016-02-23 08:56:00,35.1,Partly Cloudy,27.9,61.0,10.0,NNE,9.2,30.09,
340,303,2016-02-23 09:58:00,38.3,Clear,30.9,53.0,10.0,NE,11.5,30.08,
341,304,2016-02-23 09:53:00,39.9,Clear,34.5,55.0,10.0,North,8.1,30.09,
342,305,2016-02-23 09:56:00,39.0,Scattered Clouds,30.6,55.0,10.0,NE,15.0,30.08,
343,306,2016-02-23 11:58:00,48.4,Clear,,46.0,10.0,NE,8.1,30.04,
344,307,2016-02-23 13:53:00,54.0,Clear,,51.0,10.0,NNE,11.5,29.95,
345,308,2016-02-23 16:51:00,36.0,Mostly Cloudy,26.7,70.0,10.0,NE,15.0,30.07,
346,309,2016-02-23 17:51:00,53.1,Overcast,,52.0,10.0,East,8.1,29.92,
347,310,2016-02-23 17:51:00,53.1,Overcast,,52.0,10.0,East,8.1,29.92,
348,311,2016-02-23 17:51:00,53.1,Overcast,,52.0,10.0,East,8.1,29.92,
349,312,2016-02-23 19:15:00,50.0,Overcast,,64.0,10.0,NE,8.1,29.88,
350,313,2016-02-23 22:15:00,44.6,Scattered Clouds,39.7,73.0,10.0,NNE,9.2,29.84,
351,314,2016-02-24 05:02:00,41.0,Light Rain,31.6,93.0,4.0,ENE,20.7,29.43,0.0
352,315,2016-02-24 05:53:00,42.1,Rain,33.9,89.0,3.0,NE,17.3,29.4,0.06
353,316,2016-02-24 05:29:00,37.9,Heavy Rain,27.3,100.0,2.5,NE,21.9,29.46,0.18
354,317,2016-02-24 05:53:00,33.1,Light Freezing Rain,23.0,85.0,3.0,NE,15.0,29.72,0.05
355,318,2016-02-24 05:58:00,39.2,Light Rain,29.8,100.0,6.0,ENE,18.4,29.45,0.16
356,319,2016-02-24 06:53:00,42.1,Rain,34.9,92.0,4.0,NE,13.8,29.37,0.09
357,320,2016-02-24 06:58:00,40.6,Rain,34.8,99.0,9.0,ENE,9.2,29.4,0.1
358,321,2016-02-24 06:24:00,42.8,Light Rain,38.0,87.0,9.0,East,8.1,29.47,0.05
359,322,2016-02-24 06:49:00,33.8,Rain,23.9,100.0,2.5,NE,15.0,29.66,0.11
360,323,2016-02-24 06:58:00,40.6,Rain,34.8,99.0,9.0,ENE,9.2,29.4,0.1
361,324,2016-02-24 06:58:00,40.6,Rain,34.8,99.0,9.0,ENE,9.2,29.4,0.1
362,325,2016-02-24 06:54:00,39.9,Rain,32.5,86.0,4.0,ENE,12.7,29.59,0.22
363,326,2016-02-24 07:10:00,49.0,Cloudy,45.0,100.0,10.0,E,10.0,28.62,0.0
364,257,2016-02-24 06:58:00,40.6,Rain,34.8,99.0,9.0,ENE,9.2,29.4,0.1
365,327,2016-02-24 07:26:00,42.8,Light Rain,37.5,100.0,5.0,East,9.2,29.42,
366,328,2016-02-24 07:26:00,42.8,Light Rain,37.5,100.0,5.0,East,9.2,29.42,
367,329,2016-02-24 07:35:00,44.1,Rain,36.8,89.0,5.0,ENE,16.1,29.32,0.04
368,330,2016-02-24 07:54:00,39.9,Rain,32.5,89.0,4.0,East,12.7,29.55,0.16
369,318,2016-02-24 07:58:00,41.0,Rain,33.1,99.0,3.0,NNE,15.0,29.37,0.08
370,331,2016-02-24 07:54:00,39.9,Rain,32.5,89.0,4.0,East,12.7,29.55,0.16
371,66,2016-02-24 07:53:00,35.1,Rain,24.5,92.0,2.0,NE,18.4,29.6,0.19
372,332,2016-02-24 07:54:00,39.9,Rain,32.5,89.0,4.0,East,12.7,29.55,0.16
373,333,2016-02-24 08:00:00,44.1,Heavy Rain,37.1,93.0,1.8,ENE,15.0,29.31,0.02
374,334,2016-02-24 07:53:00,46.0,Light Rain,40.6,86.0,7.0,East,11.5,29.46,0.08
375,335,2016-02-24 08:00:00,44.1,Heavy Rain,37.1,93.0,1.8,ENE,15.0,29.31,0.02
376,336,2016-02-24 07:58:00,41.0,Rain,33.1,99.0,3.0,NNE,15.0,29.37,0.08
377,337,2016-02-24 08:32:00,39.0,Rain,30.6,96.0,1.8,NE,15.0,29.33,0.05
378,338,2016-02-24 07:58:00,41.0,Rain,33.1,99.0,3.0,NNE,15.0,29.37,0.08
379,339,2016-02-24 08:16:00,41.0,Drizzle,34.3,93.0,7.0,East,11.5,29.42,
380,340,2016-02-24 08:22:00,45.0,Light Rain,37.9,90.0,2.0,ENE,16.1,29.29,0.06
381,341,2016-02-24 08:53:00,48.0,Overcast,,89.0,10.0,East,9.2,29.37,0.02
382,317,2016-02-24 11:07:00,35.1,Light Rain,25.9,89.0,1.5,NE,13.8,29.45,0.02
383,337,2016-02-24 11:56:00,44.1,Overcast,39.0,100.0,8.0,NE,9.2,29.24,0.01
384,338,2016-02-24 11:48:00,50.0,Overcast,,100.0,10.0,NE,9.2,29.22,
385,97,2016-02-24 16:53:00,52.0,Overcast,,80.0,10.0,SW,18.4,29.17,0.05
386,342,2016-02-25 05:57:00,33.8,Overcast,23.9,90.0,10.0,West,15.0,29.62,
387,343,2016-02-25 06:38:00,30.2,Light Snow,20.2,93.0,3.0,West,12.7,29.51,0.01
388,344,2016-02-25 07:53:00,30.9,Snow,17.8,92.0,0.5,NW,23.0,29.45,0.01
389,345,2016-02-25 07:58:00,33.4,Light Snow,24.3,90.0,7.0,West,12.7,29.65,0.01
390,346,2016-02-25 07:53:00,32.0,Overcast,21.6,88.0,9.0,West,15.0,29.56,0.0
391,347,2016-02-25 08:56:00,33.1,Light Snow,21.9,89.0,4.0,WNW,18.4,29.69,0.0
392,348,2016-02-25 09:50:00,33.8,Overcast,24.3,87.0,7.0,WNW,13.8,29.64,
393,349,2016-02-25 09:53:00,33.1,Light Snow,24.4,85.0,4.0,West,11.5,29.73,0.0
394,350,2016-02-25 12:55:00,35.1,Light Snow,24.5,78.0,2.5,West,18.4,29.79,0.0
395,241,2016-02-25 16:13:00,33.1,Light Snow,21.2,89.0,5.0,WNW,20.7,29.89,0.0
396,216,2016-02-25 16:13:00,33.1,Light Snow,21.2,89.0,5.0,WNW,20.7,29.89,0.0
397,351,2016-02-26 15:51:00,32.0,Overcast,24.8,50.0,10.0,NW,8.1,30.23,
398,352,2016-02-26 15:58:00,34.3,Overcast,27.0,52.0,10.0,West,9.2,30.25,
399,353,2016-02-26 15:45:00,32.0,Overcast,24.2,51.0,10.0,WNW,9.2,30.21,
400,354,2016-02-26 15:54:00,28.9,Light Snow,19.2,67.0,5.0,NW,11.5,30.21,0.0
401,355,2016-02-26 16:56:00,33.1,Overcast,24.9,61.0,10.0,WNW,10.4,30.24,
402,356,2016-02-27 19:51:00,42.1,Scattered Clouds,37.7,55.0,10.0,South,6.9,30.04,
403,58,2016-02-28 12:58:00,63.1,Clear,,35.0,10.0,SSW,26.5,29.81,
404,357,2016-02-28 17:58:00,62.8,Clear,,32.0,10.0,SSW,23.0,29.67,
405,358,2016-02-29 04:53:00,41.0,Haze,33.1,82.0,6.0,West,15.0,29.83,
406,359,2016-02-29 05:56:00,37.0,Overcast,27.4,89.0,8.0,WNW,17.3,29.89,
407,360,2016-02-29 05:53:00,36.0,Overcast,24.7,86.0,10.0,West,21.9,29.74,
408,361,2016-02-29 06:53:00,39.0,Overcast,31.0,79.0,10.0,West,13.8,29.91,0.0
409,362,2016-02-29 07:51:00,37.9,Overcast,29.6,70.0,10.0,WNW,13.8,29.9,
410,363,2016-02-29 07:56:00,37.9,Overcast,30.0,86.0,10.0,West,12.7,29.95,
411,364,2016-02-29 08:54:00,37.0,Overcast,28.1,67.0,10.0,WNW,15.0,29.86,
412,365,2016-02-29 09:53:00,39.0,Haze,32.8,70.0,4.0,West,9.2,30.01,
413,366,2016-02-29 09:08:00,39.2,Overcast,32.0,75.0,10.0,West,11.5,29.98,
414,367,2016-02-29 10:16:00,39.2,Overcast,30.8,75.0,10.0,WSW,15.0,30.0,
415,359,2016-02-29 11:56:00,42.1,Mostly Cloudy,33.6,70.0,10.0,SW,18.4,30.04,
416,368,2016-02-29 12:45:00,44.6,Scattered Clouds,37.2,66.0,10.0,WSW,17.3,30.01,
417,369,2016-02-29 15:58:00,54.1,Clear,,40.0,10.0,SW,15.0,29.99,
418,370,2016-02-29 17:53:00,53.1,Clear,,37.0,10.0,WSW,11.5,29.99,
419,371,2016-02-29 17:58:00,52.5,Clear,,41.0,10.0,SW,13.8,30.0,
420,241,2016-02-29 17:56:00,50.0,Scattered Clouds,,52.0,10.0,WSW,11.5,30.0,
421,127,2016-02-29 18:51:00,48.9,Scattered Clouds,,46.0,10.0,SSW,9.2,30.0,
422,372,2016-02-29 19:35:00,44.6,Scattered Clouds,41.4,66.0,10.0,SW,5.8,29.98,
423,373,2016-02-29 19:56:00,46.0,Partly Cloudy,41.0,58.0,10.0,SW,10.4,30.02,
424,374,2016-02-29 20:53:00,45.0,Clear,42.6,52.0,10.0,South,4.6,30.02,
425,375,2016-03-01 04:55:00,34.0,Clear,31.0,85.0,10.0,SE,3.5,29.94,
426,376,2016-03-01 05:53:00,37.9,Clear,32.1,68.0,10.0,SSE,8.1,29.92,
427,377,2016-03-01 07:56:00,37.0,Mostly Cloudy,30.4,79.0,10.0,SSE,9.2,29.9,
428,378,2016-03-01 07:20:00,35.6,Clear,32.8,81.0,10.0,SSE,3.5,29.94,
429,379,2016-03-01 07:51:00,37.0,Mostly Cloudy,33.3,73.0,10.0,ESE,4.6,29.95,
430,368,2016-03-01 07:47:00,33.8,Clear,30.8,87.0,10.0,ESE,3.5,29.92,
431,380,2016-03-01 09:58:00,46.6,Clear,,61.0,10.0,South,6.9,29.82,
432,381,2016-03-01 10:12:00,54.1,Mostly Cloudy,,42.0,10.0,South,6.9,29.8,
433,382,2016-03-01 10:32:00,54.3,Overcast,,43.0,10.0,SW,13.8,29.81,
434,383,2016-03-01 11:12:00,53.6,Overcast,,52.0,10.0,South,6.9,29.76,
435,74,2016-03-01 11:55:00,42.8,Rain,37.5,93.0,4.0,South,9.2,29.72,0.09
436,384,2016-03-01 12:51:00,55.9,Light Rain,,39.0,10.0,South,8.1,29.72,0.0
437,376,2016-03-01 12:53:00,48.0,Light Rain,,71.0,10.0,WNW,8.1,29.72,0.02
438,385,2016-03-01 16:51:00,48.0,Light Rain,,96.0,4.0,SSW,5.8,29.55,0.19
439,386,2016-03-01 17:17:00,48.2,,,93.0,10.0,SSW,9.2,29.51,
440,387,2016-03-01 17:25:00,48.2,Light Rain,,93.0,8.0,South,8.1,29.52,0.0
441,128,2016-03-01 17:47:00,48.2,Overcast,,100.0,8.0,SSW,9.2,29.52,0.0
442,388,2016-03-01 18:04:00,50.0,Light Rain,,94.0,5.0,SW,10.4,29.52,0.0
443,389,2016-03-01 18:53:00,39.0,Overcast,28.0,82.0,10.0,WNW,25.3,29.69,0.0
444,390,2016-03-01 18:50:00,48.2,Overcast,,87.0,10.0,West,15.0,29.56,
445,391,2016-03-02 16:53:00,28.9,Overcast,19.2,54.0,10.0,WNW,11.5,30.16,
446,392,2016-03-02 16:51:00,30.9,Scattered Clouds,25.2,47.0,10.0,NW,5.8,30.17,
447,393,2016-03-02 17:51:00,30.9,Scattered Clouds,21.7,47.0,10.0,WNW,11.5,30.18,
448,394,2016-03-02 17:51:00,25.0,Mostly Cloudy,14.8,66.0,10.0,WNW,10.4,30.2,0.0
449,267,2016-03-02 18:58:00,29.8,Clear,23.9,48.0,10.0,WSW,5.8,30.2,
450,395,2016-03-02 19:56:00,28.9,Partly Cloudy,23.9,56.0,10.0,SW,4.6,30.21,
451,396,2016-03-02 20:58:00,29.5,Partly Cloudy,,53.0,10.0,Calm,,30.2,
452,397,2016-03-03 04:51:00,25.0,Mostly Cloudy,19.3,66.0,10.0,SE,4.6,30.19,
453,398,2016-03-03 06:35:00,25.2,Overcast,20.9,79.0,10.0,SE,3.5,30.17,
454,399,2016-03-03 06:51:00,27.0,Overcast,19.5,61.0,10.0,SE,6.9,30.19,
455,400,2016-03-03 07:35:00,30.2,Light Snow,24.3,75.0,3.0,South,5.8,30.14,
456,401,2016-03-03 07:35:00,30.2,Light Snow,24.3,75.0,3.0,South,5.8,30.14,
457,52,2016-03-03 07:50:00,26.6,Overcast,20.0,80.0,10.0,SE,5.8,30.16,
458,402,2016-03-03 07:51:00,28.0,Overcast,19.3,58.0,10.0,ESE,9.2,30.19,
459,403,2016-03-03 07:54:00,28.9,Light Snow,25.2,78.0,4.0,SSE,3.5,30.21,0.0
460,404,2016-03-03 08:13:00,30.0,Light Snow,,99.0,5.0,Calm,,30.13,
461,336,2016-03-03 08:58:00,30.6,Light Snow,24.7,79.0,10.0,SE,5.8,30.16,0.0
462,405,2016-03-03 09:50:00,30.2,Overcast,24.3,69.0,10.0,SE,5.8,30.13,
463,4,2016-03-03 10:05:00,30.0,Light Snow,22.4,92.0,1.0,SSE,8.1,30.1,0.0
464,406,2016-03-03 11:25:00,32.0,Light Snow,27.5,93.0,1.0,SE,4.6,30.1,
465,407,2016-03-03 11:53:00,34.0,Light Snow,26.0,79.0,3.0,SSE,10.4,30.11,0.0
466,408,2016-03-03 11:58:00,32.0,Light Snow,25.6,100.0,2.5,SE,6.9,30.14,0.0
467,409,2016-03-03 13:56:00,33.1,Light Snow,26.1,96.0,1.5,SSE,8.1,30.07,0.01
468,58,2016-03-03 14:58:00,33.1,Light Snow,26.9,94.0,1.5,SSE,6.9,30.08,0.01
469,410,2016-03-03 15:12:00,33.1,Light Snow,26.9,89.0,1.0,SSE,6.9,30.02,0.01
470,411,2016-03-03 15:10:00,33.1,Light Snow,26.1,82.0,2.0,SE,8.1,30.06,0.0
471,412,2016-03-03 15:50:00,30.2,Light Snow,25.4,100.0,1.0,South,4.6,30.05,
472,413,2016-03-03 16:24:00,34.0,Light Snow,27.2,96.0,2.5,South,8.1,30.01,0.01
473,414,2016-03-03 16:46:00,33.1,Light Snow,26.9,96.0,2.0,SE,6.9,30.0,0.01
474,58,2016-03-03 17:38:00,32.0,Light Snow,25.6,100.0,1.8,SE,6.9,30.0,
475,415,2016-03-03 18:27:00,30.2,Light Snow,25.4,93.0,1.5,East,4.6,30.03,0.01
476,416,2016-03-03 18:58:00,32.0,Light Snow,26.4,100.0,1.8,SE,5.8,30.05,0.0
477,417,2016-03-03 20:10:00,32.0,Light Snow,25.6,92.0,2.5,SE,6.9,30.02,0.0
478,179,2016-03-03 20:10:00,32.0,Light Snow,25.6,92.0,2.5,SE,6.9,30.02,0.0
479,418,2016-03-04 06:15:00,31.6,Light Snow,28.3,100.0,2.5,NNW,3.5,30.04,
480,68,2016-03-04 06:15:00,31.6,Light Snow,28.3,100.0,2.5,NNW,3.5,30.04,
481,419,2016-03-04 06:41:00,27.0,Overcast,,89.0,2.0,Calm,,30.03,0.0
482,420,2016-03-04 06:15:00,31.6,Light Snow,28.3,100.0,2.5,NNW,3.5,30.04,
483,216,2016-03-04 06:56:00,30.9,Overcast,21.2,96.0,2.5,North,12.7,30.1,
484,323,2016-03-04 06:58:00,32.9,Overcast,25.9,99.0,7.0,NNW,8.1,30.1,
485,421,2016-03-04 07:06:00,30.9,Overcast,21.2,96.0,3.0,North,12.7,30.08,
486,4,2016-03-04 07:06:00,30.9,Overcast,21.2,96.0,3.0,North,12.7,30.08,
487,323,2016-03-04 07:42:00,32.0,Overcast,24.2,100.0,2.5,North,9.2,30.12,
488,317,2016-03-04 07:53:00,28.9,Overcast,22.8,85.0,9.0,NNE,5.8,30.17,
489,422,2016-03-04 07:56:00,30.0,Overcast,19.5,96.0,4.0,North,13.8,30.14,
490,423,2016-03-04 07:50:00,32.0,Overcast,24.2,93.0,4.0,North,9.2,30.06,
491,272,2016-03-04 07:58:00,32.0,Haze,24.2,80.0,6.0,NNE,9.2,30.07,
492,424,2016-03-04 07:58:00,32.0,Haze,24.2,80.0,6.0,NNE,9.2,30.07,
493,425,2016-03-04 07:58:00,31.8,Overcast,23.3,99.0,6.0,North,10.4,30.13,
494,426,2016-03-04 07:56:00,30.0,Overcast,19.5,96.0,4.0,North,13.8,30.14,
495,427,2016-03-04 08:53:00,32.0,Overcast,24.2,88.0,6.0,North,9.2,30.12,
496,428,2016-03-04 09:58:00,32.5,Overcast,27.1,92.0,5.0,North,5.8,30.18,
497,429,2016-03-04 11:22:00,32.0,Overcast,28.7,93.0,10.0,North,3.5,30.2,
498,430,2016-03-04 11:56:00,32.0,Overcast,25.6,88.0,4.0,NNW,6.9,30.2,
499,4,2016-03-04 14:56:00,32.0,Overcast,24.8,88.0,5.0,NW,8.1,30.2,
500,431,2016-03-04 14:50:00,33.8,Overcast,29.6,81.0,7.0,NW,4.6,30.15,
501,432,2016-03-04 16:51:00,34.0,Overcast,26.6,70.0,10.0,NW,9.2,30.19,
502,433,2016-03-04 17:50:00,33.8,Overcast,28.6,75.0,7.0,NNW,5.8,30.18,
503,405,2016-03-04 17:50:00,33.8,Overcast,28.6,75.0,7.0,NNW,5.8,30.18,
504,58,2016-03-04 18:58:00,33.1,Overcast,,82.0,10.0,NNE,2.3,30.21,
505,434,2016-03-05 07:11:00,30.9,Overcast,23.5,85.0,5.0,ESE,8.1,30.08,
506,91,2016-03-07 06:54:00,37.0,Clear,30.4,76.0,10.0,South,9.2,30.11,
507,435,2016-03-07 06:53:00,39.0,Clear,33.4,79.0,10.0,SSE,8.1,30.12,
508,436,2016-03-07 06:56:00,42.1,Overcast,36.6,70.0,10.0,South,9.2,30.1,
509,322,2016-03-07 07:53:00,46.9,Clear,,56.0,10.0,South,21.9,30.04,
510,361,2016-03-07 08:53:00,48.9,Clear,,54.0,10.0,SSW,12.7,30.12,
511,180,2016-03-07 08:58:00,46.4,Mostly Cloudy,42.4,66.0,10.0,SE,8.1,30.12,
512,437,2016-03-07 08:53:00,45.0,Clear,39.7,65.0,10.0,South,10.4,30.14,
513,198,2016-03-07 10:51:00,52.0,Overcast,,47.0,10.0,SSW,11.5,30.14,
514,438,2016-03-07 10:58:00,60.1,Overcast,,37.0,10.0,SSW,20.7,30.12,
515,439,2016-03-07 10:58:00,60.1,Overcast,,37.0,10.0,SSW,20.7,30.12,
516,5,2016-03-07 10:53:00,57.9,Clear,,41.0,10.0,SSW,15.0,30.11,
517,440,2016-03-07 14:53:00,62.1,Clear,,34.0,10.0,SW,19.6,30.06,
518,241,2016-03-07 15:56:00,59.0,Light Rain,,46.0,10.0,SSW,13.8,30.05,0.0
519,441,2016-03-07 15:58:00,62.4,Light Rain,,35.0,10.0,SSW,17.3,30.06,
520,312,2016-03-07 17:15:00,58.8,Overcast,,47.0,10.0,SW,8.1,30.06,
521,442,2016-03-07 21:53:00,52.0,Clear,,59.0,10.0,South,9.2,30.03,
522,443,2016-03-08 03:56:00,51.1,Partly Cloudy,,56.0,10.0,South,9.2,30.07,
523,443,2016-03-08 04:56:00,53.1,Mostly Cloudy,,52.0,10.0,South,10.4,30.07,
524,444,2016-03-08 04:58:00,50.5,Overcast,,58.0,10.0,SSE,5.8,30.08,
525,445,2016-03-08 05:51:00,54.0,Overcast,,47.0,10.0,South,5.8,30.11,
526,446,2016-03-08 06:12:00,55.4,Clear,,49.0,10.0,South,5.8,30.13,
527,447,2016-03-08 06:53:00,55.2,Clear,,50.0,10.0,South,4.6,30.15,
528,35,2016-03-08 06:53:00,53.1,Overcast,,52.0,10.0,South,10.4,30.12,
529,198,2016-03-08 06:51:00,55.0,Overcast,,47.0,10.0,SSW,9.2,30.13,
530,448,2016-03-08 07:58:00,56.7,Overcast,,51.0,10.0,SSW,13.8,30.14,
531,449,2016-03-08 07:51:00,55.0,Overcast,,49.0,10.0,South,9.2,30.16,
532,450,2016-03-08 07:51:00,53.1,Mostly Cloudy,,50.0,10.0,South,10.4,30.12,
533,451,2016-03-08 07:58:00,56.7,Overcast,,51.0,10.0,SSW,13.8,30.14,
534,58,2016-03-08 08:58:00,61.2,Mostly Cloudy,,46.0,10.0,SSW,18.4,30.15,
535,452,2016-03-08 10:33:00,65.1,Clear,,43.0,10.0,SSW,11.5,30.18,
536,453,2016-03-08 10:53:00,66.0,Clear,,45.0,10.0,SW,16.1,30.14,
537,454,2016-03-08 10:53:00,66.0,Clear,,45.0,10.0,SW,16.1,30.14,
538,455,2016-03-08 10:56:00,66.0,Scattered Clouds,,50.0,10.0,SW,19.6,30.13,
539,249,2016-03-08 11:58:00,70.2,Clear,,43.0,10.0,SSW,18.4,30.13,
540,456,2016-03-08 11:53:00,68.0,Overcast,,45.0,10.0,SSW,13.8,30.14,
541,457,2016-03-08 13:25:00,71.6,Clear,,41.0,10.0,South,18.4,30.06,
542,458,2016-03-08 15:56:00,71.1,Mostly Cloudy,,39.0,10.0,SSW,16.1,30.02,
543,459,2016-03-08 16:53:00,71.1,Clear,,32.0,10.0,SSW,15.0,30.0,
544,460,2016-03-08 17:53:00,69.1,Clear,,32.0,10.0,SSW,11.5,30.02,
545,461,2016-03-08 17:53:00,69.1,Clear,,32.0,10.0,SSW,11.5,30.02,
546,462,2016-03-08 17:53:00,69.1,Clear,,32.0,10.0,SSW,11.5,30.02,
547,463,2016-03-08 18:51:00,66.9,Mostly Cloudy,,31.0,10.0,SW,8.1,30.03,
548,464,2016-03-09 05:53:00,57.0,Clear,,64.0,10.0,South,16.1,29.97,
549,465,2016-03-09 06:53:00,55.9,Clear,,64.0,10.0,South,9.2,30.03,
550,466,2016-03-09 06:53:00,55.0,Clear,,64.0,10.0,South,8.1,30.05,
551,123,2016-03-09 07:51:00,54.0,Mostly Cloudy,,66.0,10.0,SSE,4.6,30.07,
552,467,2016-03-09 07:51:00,54.0,Mostly Cloudy,,66.0,10.0,SSE,4.6,30.07,
553,159,2016-03-09 08:53:00,63.0,Clear,,58.0,10.0,South,13.8,30.06,
554,468,2016-03-09 08:54:00,61.0,Clear,,62.0,10.0,South,6.9,30.08,
555,469,2016-03-09 09:56:00,64.0,Mostly Cloudy,,58.0,10.0,SSW,16.1,30.06,
556,470,2016-03-09 09:56:00,64.0,Mostly Cloudy,,58.0,10.0,SSW,16.1,30.06,
557,471,2016-03-09 09:53:00,63.0,Partly Cloudy,,58.0,10.0,SSW,13.8,30.08,
558,287,2016-03-09 10:58:00,66.0,Mostly Cloudy,,54.0,10.0,SSW,15.0,30.08,
559,472,2016-03-09 11:58:00,70.2,Scattered Clouds,,49.0,10.0,SW,19.6,30.04,
560,473,2016-03-09 11:58:00,70.2,Scattered Clouds,,49.0,10.0,SW,19.6,30.04,
561,474,2016-03-09 11:53:00,70.0,Partly Cloudy,,47.0,10.0,SSW,21.9,30.03,
562,475,2016-03-09 13:58:00,73.0,Mostly Cloudy,,44.0,10.0,SW,18.4,30.01,
563,257,2016-03-09 14:55:00,69.8,Light Rain Showers,,49.0,7.0,SSW,17.3,30.02,
564,107,2016-03-09 14:56:00,66.9,Light Rain,,59.0,9.0,SW,16.1,30.03,0.0
565,476,2016-03-09 14:56:00,66.9,Light Rain,,59.0,9.0,SW,16.1,30.03,0.0
566,477,2016-03-10 05:12:00,55.4,Overcast,,100.0,7.0,SSE,5.8,30.02,
567,478,2016-03-10 05:53:00,57.0,Overcast,,89.0,10.0,South,6.9,30.0,0.0
568,477,2016-03-10 05:56:00,55.9,Overcast,,100.0,10.0,South,4.6,30.03,0.01
569,478,2016-03-10 06:53:00,59.0,Light Rain,,87.0,10.0,SSW,9.2,30.0,0.0
570,196,2016-03-10 06:53:00,59.0,Rain,,87.0,6.0,SSW,9.2,30.05,0.02
571,479,2016-03-10 07:53:00,59.0,Overcast,,87.0,10.0,SSW,6.9,30.0,0.0
572,480,2016-03-10 07:39:00,57.9,Light Rain,,93.0,7.0,SSW,13.8,30.01,0.0
573,481,2016-03-10 07:39:00,57.9,Light Rain,,93.0,7.0,SSW,13.8,30.01,0.0
574,482,2016-03-10 07:50:00,57.2,Light Rain,,100.0,7.0,SSW,11.5,30.03,
575,483,2016-03-10 07:58:00,59.2,Overcast,,100.0,10.0,SSW,11.5,30.01,0.0
576,404,2016-03-10 08:13:00,60.1,Overcast,,93.0,10.0,SSW,6.9,30.02,
577,484,2016-03-10 08:49:00,57.2,Overcast,,100.0,10.0,South,6.9,30.01,0.0
578,402,2016-03-10 09:51:00,59.0,Mostly Cloudy,,93.0,10.0,SSW,9.2,30.03,0.0
579,485,2016-03-10 09:16:00,57.9,Light Rain,,100.0,1.2,SSW,13.8,30.03,0.01
580,347,2016-03-10 09:56:00,57.9,Light Rain,,100.0,1.8,SW,9.2,30.01,0.05
581,486,2016-03-10 09:45:00,59.0,Light Rain,,100.0,2.5,SSW,15.0,30.01,
582,487,2016-03-10 09:53:00,59.0,Light Rain,,90.0,6.0,SSW,8.1,30.01,0.01
583,488,2016-03-10 10:38:00,60.8,Light Rain,,100.0,2.8,SSW,10.4,30.01,
584,102,2016-03-10 10:58:00,59.9,Light Rain,,100.0,2.8,South,10.4,30.02,0.04
585,489,2016-03-10 11:35:00,60.1,Rain,,90.0,1.8,SW,13.8,30.03,0.02
586,490,2016-03-10 11:50:00,59.0,Light Rain,,94.0,5.0,SW,6.9,30.02,
587,491,2016-03-10 13:32:00,60.8,Light Rain,,100.0,4.0,SW,11.5,29.98,
588,166,2016-03-10 14:50:00,60.8,Rain,,94.0,2.0,SW,9.2,29.99,
589,323,2016-03-10 14:58:00,60.8,Light Rain,,100.0,2.5,SW,6.9,29.99,0.05
590,492,2016-03-10 15:30:00,66.0,Light Rain,66.0,70.0,10.0,W,5.0,29.17,0.0
591,493,2016-03-10 16:18:00,60.8,Light Rain,,100.0,2.0,WSW,5.8,29.96,
592,494,2016-03-10 15:51:00,60.1,Rain,,90.0,5.0,SW,12.7,29.98,0.08
593,361,2016-03-10 16:35:00,60.1,Light Rain,,93.0,2.0,SSW,6.9,29.96,0.07
594,495,2016-03-10 18:15:00,58.5,Light Rain,,99.0,5.0,SW,5.8,29.98,
595,496,2016-03-10 18:58:00,57.6,Rain,,100.0,2.5,North,11.5,30.02,0.11
596,497,2016-03-10 19:15:00,58.6,Rain,,98.0,5.0,West,9.2,30.0,
597,498,2016-03-10 20:15:00,56.5,Rain,,95.0,10.0,North,9.2,30.03,
598,499,2016-03-11 04:51:00,46.9,Overcast,,80.0,8.0,NNE,10.4,30.19,
599,500,2016-03-11 07:15:00,44.6,Mostly Cloudy,40.7,93.0,10.0,NNE,6.9,30.28,
600,193,2016-03-11 07:33:00,37.0,Overcast,30.4,89.0,10.0,NE,9.2,30.33,
601,501,,,,,,,,,,
602,502,2016-03-11 07:51:00,37.0,Overcast,28.9,89.0,10.0,North,12.7,30.37,
603,503,2016-03-11 07:58:00,45.5,Overcast,40.3,98.0,10.0,NE,10.4,30.33,
604,504,2016-03-11 08:56:00,45.0,Overcast,38.9,90.0,7.0,NNE,12.7,30.33,
605,505,2016-03-11 08:56:00,45.0,Overcast,38.9,90.0,7.0,NNE,12.7,30.33,
606,506,2016-03-11 08:53:00,46.9,Overcast,,80.0,8.0,NE,12.7,30.31,
607,507,2016-03-11 08:56:00,45.0,Overcast,38.9,90.0,7.0,NNE,12.7,30.33,
608,508,2016-03-11 08:58:00,45.9,Overcast,40.8,95.0,10.0,NNE,10.4,30.34,
609,509,2016-03-11 09:28:00,46.4,Overcast,40.7,87.0,10.0,NE,12.7,30.32,
610,510,2016-03-11 09:51:00,45.0,Overcast,40.1,80.0,10.0,NE,9.2,30.33,
610,511,2016-03-11 09:50:00,46.4,Overcast,40.7,87.0,10.0,NNE,12.7,30.33,
611,512,2016-03-11 09:53:00,46.0,Overcast,40.6,83.0,8.0,ENE,11.5,30.32,
612,513,2016-03-11 10:13:00,49.6,Overcast,,82.0,10.0,NE,8.1,30.31,
613,514,2016-03-11 09:56:00,46.0,Overcast,41.0,86.0,9.0,NE,10.4,30.34,
614,515,2016-03-11 10:50:00,48.2,Mostly Cloudy,,76.0,10.0,ENE,5.8,30.33,
615,516,2016-03-11 10:50:00,48.2,Mostly Cloudy,,76.0,10.0,ENE,5.8,30.33,
616,517,2016-03-11 11:53:00,48.9,Mostly Cloudy,,74.0,10.0,NE,10.4,30.33,
617,518,2016-03-11 11:51:00,37.0,Overcast,31.0,89.0,10.0,North,8.1,30.43,
618,132,2016-03-11 12:50:00,51.8,Clear,,67.0,10.0,ENE,5.8,30.34,
619,519,2016-03-11 14:51:00,55.0,Overcast,,51.0,10.0,Calm,,30.32,
620,520,2016-03-11 15:53:00,55.9,Clear,,55.0,10.0,ENE,5.8,30.31,
621,521,2016-03-11 16:51:00,57.0,Mostly Cloudy,,51.0,10.0,ENE,6.9,30.31,
622,522,2016-03-11 16:53:00,57.0,Clear,,51.0,10.0,East,8.1,30.32,
623,523,2016-03-11 16:51:00,57.0,Mostly Cloudy,,51.0,10.0,ENE,6.9,30.31,
624,524,2016-03-11 16:51:00,57.0,Mostly Cloudy,,51.0,10.0,ENE,6.9,30.31,
625,525,2016-03-11 17:50:00,55.4,Clear,,54.0,10.0,East,4.6,30.31,
626,526,2016-03-11 18:51:00,51.1,Mostly Cloudy,,61.0,10.0,NE,3.5,30.32,
627,527,2016-03-12 06:53:00,35.1,Clear,,89.0,7.0,Calm,,30.25,
628,528,2016-03-12 10:54:00,57.0,Clear,,51.0,10.0,North,3.5,30.2,
629,269,2016-03-12 11:53:00,59.0,Clear,,55.0,10.0,Variable,3.5,30.17,
630,529,2016-03-14 04:24:00,57.0,Mostly Cloudy,,100.0,6.0,SSW,9.2,29.74,
631,342,2016-03-14 06:13:00,56.7,Mostly Cloudy,,100.0,10.0,South,3.5,29.75,
632,530,2016-03-14 07:05:00,55.9,Overcast,,97.0,2.5,South,10.4,29.74,
633,531,2016-03-14 07:19:00,57.0,Overcast,,100.0,5.0,South,8.1,29.74,
634,532,2016-03-14 07:28:00,57.2,Overcast,,94.0,9.0,South,5.8,29.75,
635,533,2016-03-14 07:53:00,51.1,Fog,,100.0,0.2,Calm,,29.75,
636,534,2016-03-14 07:58:00,57.4,Overcast,,100.0,6.0,South,5.8,29.75,
637,535,2016-03-14 07:58:00,57.4,Overcast,,100.0,6.0,South,5.8,29.75,
638,536,2016-03-14 08:07:00,55.9,Overcast,,97.0,3.0,South,6.9,29.75,
639,537,2016-03-14 08:08:00,55.9,Overcast,,100.0,0.5,SSW,10.4,29.76,
640,538,2016-03-14 07:53:00,57.0,Overcast,,96.0,5.0,SSW,8.1,29.76,
641,539,2016-03-14 08:33:00,57.4,Overcast,,100.0,10.0,SSE,3.5,29.76,
642,540,2016-03-14 08:56:00,57.0,Overcast,,100.0,0.5,SSW,9.2,29.75,
643,541,2016-03-14 08:53:00,57.9,Mostly Cloudy,,90.0,6.0,South,11.5,29.73,
644,542,2016-03-14 09:24:00,57.9,Scattered Clouds,,93.0,6.0,South,4.6,29.74,
645,543,2016-03-14 08:53:00,57.0,Overcast,,89.0,4.0,SSW,9.2,29.72,
646,544,2016-03-14 09:35:00,57.0,Overcast,,100.0,2.0,South,9.2,29.75,
647,545,2016-03-14 09:24:00,57.9,Scattered Clouds,,93.0,6.0,South,4.6,29.74,
648,323,2016-03-14 10:58:00,60.8,Mostly Cloudy,,100.0,10.0,East,1.2,29.73,
649,546,2016-03-14 13:12:00,62.1,Rain,,86.0,2.0,SSE,6.9,29.7,0.02
650,316,2016-03-14 13:33:00,61.0,Rain,,93.0,4.0,East,6.9,29.69,0.09
651,547,2016-03-14 14:58:00,65.8,Mostly Cloudy,,84.0,10.0,SSW,13.8,29.63,0.0
652,548,2016-03-14 16:53:00,66.9,Mostly Cloudy,,57.0,10.0,WSW,11.5,29.61,
653,549,2016-03-14 17:53:00,66.0,Scattered Clouds,,63.0,10.0,West,8.1,29.62,
654,550,2016-03-15 05:54:00,55.9,Overcast,,84.0,9.0,West,11.5,29.77,
655,551,2016-03-15 06:58:00,54.3,Overcast,,100.0,5.0,NW,2.3,29.82,0.0
656,552,2016-03-15 07:00:00,53.6,Haze,,82.0,6.0,WNW,8.1,29.8,
657,553,2016-03-15 07:48:00,53.6,Overcast,,100.0,2.0,NNW,1.2,29.82,
658,448,2016-03-15 07:58:00,54.3,Overcast,,100.0,1.5,North,2.3,29.83,
659,418,2016-03-15 07:47:00,53.6,Overcast,,94.0,4.0,NW,5.8,29.83,
660,66,2016-03-15 07:53:00,43.0,Light Rain,37.7,97.0,0.8,WSW,9.2,29.81,0.01
661,554,2016-03-15 08:27:00,53.1,Overcast,,100.0,2.0,NNW,3.5,29.84,
662,555,2016-03-15 10:56:00,55.0,Overcast,,93.0,4.0,ENE,3.5,29.86,
663,556,2016-03-15 12:28:00,60.8,Mostly Cloudy,,77.0,10.0,South,2.3,29.83,
664,316,2016-03-15 13:22:00,62.1,Scattered Clouds,,72.0,10.0,South,5.8,29.83,
665,557,2016-03-15 13:56:00,64.9,Partly Cloudy,,68.0,10.0,ESE,5.8,29.81,
666,558,2016-03-15 14:56:00,66.9,Scattered Clouds,,59.0,10.0,SE,8.1,29.78,
667,429,2016-03-15 14:58:00,67.8,Clear,,63.0,10.0,SE,3.5,29.79,
668,559,2016-03-15 15:56:00,68.0,Partly Cloudy,,59.0,10.0,SE,8.1,29.75,
669,323,2016-03-16 04:58:00,63.1,Haze,,71.0,5.0,SW,9.2,29.53,
670,560,2016-03-16 04:51:00,60.1,Overcast,,62.0,10.0,SSE,5.8,29.55,
671,49,2016-03-16 05:12:00,64.4,Mostly Cloudy,,68.0,7.0,WSW,15.0,29.55,
672,561,2016-03-16 06:58:00,60.4,Scattered Clouds,,68.0,7.0,WSW,13.8,29.62,
673,562,2016-03-16 06:58:00,60.4,Scattered Clouds,,68.0,7.0,WSW,13.8,29.62,
674,281,2016-03-16 06:51:00,64.0,Scattered Clouds,,56.0,10.0,SSW,12.7,29.57,
675,563,2016-03-16 07:13:00,62.1,Scattered Clouds,,60.0,10.0,WSW,13.8,29.67,
676,564,2016-03-16 06:53:00,64.0,Overcast,,60.0,10.0,SSW,8.1,29.58,
677,473,2016-03-16 07:33:00,59.0,Overcast,,67.0,7.0,WSW,19.6,29.64,
678,565,2016-03-16 07:35:00,61.2,Overcast,,71.0,10.0,WSW,11.5,29.61,
679,566,2016-03-16 07:47:00,62.6,Overcast,,72.0,10.0,West,9.2,29.63,
680,567,2016-03-16 07:20:00,62.6,Overcast,,72.0,10.0,WSW,11.5,29.61,
681,568,2016-03-16 07:53:00,59.0,Overcast,,64.0,10.0,West,15.0,29.67,
682,569,2016-03-16 08:53:00,59.0,Overcast,,64.0,10.0,West,17.3,29.67,
683,570,2016-03-16 08:58:00,56.5,Partly Cloudy,,61.0,10.0,WSW,21.9,29.72,
684,8,2016-03-16 09:56:00,55.0,Partly Cloudy,,59.0,10.0,WSW,23.0,29.74,
685,571,2016-03-16 10:39:00,57.2,Scattered Clouds,,51.0,10.0,WSW,23.0,29.73,
686,572,2016-03-16 12:51:00,59.0,Scattered Clouds,,46.0,10.0,WSW,31.1,29.69,
687,573,2016-03-17 03:56:00,42.1,Scattered Clouds,37.1,65.0,10.0,West,8.1,29.91,
688,257,2016-03-17 06:58:00,37.8,Clear,32.5,81.0,10.0,SSW,6.9,29.91,
689,574,2016-03-17 07:13:00,46.8,Clear,,57.0,10.0,SW,5.8,29.93,
690,575,2016-03-17 07:56:00,42.1,Clear,36.6,65.0,10.0,SW,9.2,29.91,
691,576,2016-03-17 07:53:00,43.0,Clear,39.5,60.0,10.0,SSW,5.8,29.9,
692,577,2016-03-17 07:53:00,43.0,Clear,39.5,60.0,10.0,SSW,5.8,29.9,
693,362,2016-03-17 07:51:00,45.0,Scattered Clouds,42.6,56.0,10.0,SW,4.6,29.9,
694,578,2016-03-17 07:51:00,45.0,Scattered Clouds,42.6,56.0,10.0,SW,4.6,29.9,
695,578,2016-03-17 08:51:00,48.0,Clear,,52.0,10.0,SW,6.9,29.91,
696,316,2016-03-17 08:56:00,46.9,Clear,,59.0,10.0,WSW,10.4,29.93,
697,579,2016-03-17 08:58:00,45.5,Clear,41.3,71.0,10.0,SW,8.1,29.94,
698,580,2016-03-17 08:58:00,45.5,Clear,41.3,71.0,10.0,SW,8.1,29.94,
699,542,2016-03-17 08:53:00,48.0,Clear,,52.0,10.0,SW,6.9,29.92,
700,581,2016-03-17 09:56:00,50.0,Partly Cloudy,,50.0,10.0,West,18.4,29.94,
701,582,2016-03-17 10:58:00,55.0,Clear,,40.0,10.0,WSW,13.8,29.94,
702,583,2016-03-17 10:56:00,54.0,Partly Cloudy,,43.0,10.0,West,16.1,29.94,
702,573,2016-03-17 10:56:00,54.0,Partly Cloudy,,43.0,10.0,West,16.1,29.94,
703,584,2016-03-17 10:56:00,54.0,Partly Cloudy,,43.0,10.0,West,16.1,29.94,
704,585,2016-03-17 10:56:00,54.0,Partly Cloudy,,43.0,10.0,West,16.1,29.94,
705,586,2016-03-17 14:56:00,55.0,Scattered Clouds,,31.0,10.0,West,21.9,29.92,
706,587,2016-03-17 17:50:00,57.2,Scattered Clouds,,31.0,10.0,WSW,16.1,29.89,
707,588,2016-03-17 19:51:00,52.0,Scattered Clouds,,34.0,10.0,WNW,11.5,29.92,
708,451,2016-03-18 03:58:00,38.3,Clear,,72.0,10.0,Calm,,29.98,
709,589,2016-03-18 06:58:00,39.7,Overcast,37.6,72.0,10.0,SSE,3.5,30.0,
710,333,2016-03-18 06:53:00,37.0,Clear,34.5,70.0,10.0,South,3.5,30.0,
711,111,2016-03-18 08:56:00,46.0,Scattered Clouds,41.0,51.0,10.0,West,10.4,30.02,
712,590,2016-03-18 10:56:00,50.0,Scattered Clouds,,38.0,10.0,WNW,12.7,30.06,
713,591,2016-03-18 10:53:00,50.0,Clear,,44.0,10.0,NNW,12.7,30.05,
714,592,2016-03-18 11:53:00,51.1,Clear,,35.0,10.0,NW,11.5,30.06,
715,593,2016-03-18 11:56:00,52.0,Scattered Clouds,,32.0,10.0,WNW,15.0,30.07,
716,593,2016-03-18 13:56:00,55.0,Scattered Clouds,,30.0,10.0,WNW,17.3,30.06,
717,594,2016-03-18 13:59:00,53.6,Clear,,26.0,10.0,West,15.0,30.02,
718,595,2016-03-18 13:53:00,55.9,Clear,,26.0,10.0,WNW,17.3,30.06,
719,596,2016-03-18 14:53:00,57.0,Clear,,23.0,10.0,West,17.3,30.04,
720,117,2016-03-18 14:51:00,55.4,Mostly Cloudy,,25.0,10.0,WNW,19.6,30.04,
721,473,2016-03-18 15:58:00,55.8,Mostly Cloudy,,25.0,10.0,WNW,15.0,30.04,
722,542,2016-03-18 16:53:00,55.9,Clear,,21.0,10.0,WNW,12.7,30.02,
723,597,2016-03-18 16:51:00,53.1,Mostly Cloudy,,26.0,10.0,NW,18.4,30.01,
724,598,2016-03-18 17:54:00,48.9,Mostly Cloudy,,39.0,10.0,North,16.1,30.0,
725,599,2016-03-18 17:50:00,51.8,Clear,,35.0,10.0,WNW,11.5,30.02,
726,600,2016-06-21 10:54:00,75.0,Clear,,48.0,10.0,Variable,5.8,30.0,
727,601,2016-06-21 10:54:00,75.0,Clear,,48.0,10.0,WSW,4.6,30.06,
728,602,2016-06-21 10:53:00,82.9,Clear,,31.0,10.0,NNW,4.6,29.97,
729,603,2016-06-21 10:56:00,75.9,Clear,,48.0,10.0,NNE,4.6,30.04,
730,604,2016-06-21 09:50:00,75.2,Clear,,41.0,10.0,Variable,5.8,30.06,
731,605,2016-06-21 10:53:00,82.9,Clear,,24.0,10.0,Variable,5.8,30.0,
732,606,2016-06-21 09:53:00,73.0,Partly Cloudy,,53.0,10.0,Variable,4.6,30.04,
733,607,2016-06-21 10:56:00,71.1,Partly Cloudy,,55.0,10.0,NE,4.6,30.04,
734,608,2016-06-21 10:53:00,82.9,Clear,,31.0,10.0,NNW,4.6,29.97,
735,609,2016-06-21 10:53:00,82.9,Clear,,24.0,10.0,Variable,5.8,30.0,
736,610,2016-06-21 10:55:00,80.6,Clear,,39.0,10.0,WNW,5.8,30.04,
737,611,2016-06-21 10:53:00,82.9,Clear,,31.0,10.0,NNW,4.6,29.97,
738,612,2016-06-21 10:53:00,82.9,Clear,,24.0,10.0,Variable,5.8,30.0,
739,613,2016-06-21 10:56:00,75.9,Clear,,48.0,10.0,NNE,4.6,30.04,
740,614,2016-06-21 10:53:00,82.9,Clear,,24.0,10.0,Variable,5.8,30.0,
741,615,2016-06-21 10:53:00,86.0,Clear,,26.0,10.0,NNW,9.2,30.0,
742,616,2016-06-21 11:15:00,86.0,Clear,,20.0,10.0,NW,9.2,30.01,
743,617,2016-06-21 10:56:00,75.9,Clear,,48.0,10.0,NNE,4.6,30.04,
744,618,2016-06-21 11:53:00,73.9,Partly Cloudy,,50.0,10.0,West,8.1,30.03,
745,619,2016-06-21 11:56:00,82.0,Clear,,29.0,10.0,Variable,5.8,30.03,
746,620,2016-06-21 11:53:00,84.0,Partly Cloudy,,27.0,10.0,NW,8.1,30.01,
747,621,2016-06-21 11:53:00,88.0,Clear,,19.0,10.0,South,4.6,29.99,
748,622,2016-06-21 11:35:00,86.0,Clear,,20.0,10.0,NW,12.7,30.02,
749,623,2016-06-21 11:35:00,82.4,Clear,,37.0,10.0,WNW,3.5,30.04,
750,624,2016-06-21 11:53:00,88.0,Clear,,25.0,10.0,NNW,8.1,29.96,
751,625,2016-06-21 11:55:00,84.2,Clear,,37.0,10.0,NW,4.6,30.03,
752,626,2016-06-21 11:56:00,75.9,Partly Cloudy,,38.0,10.0,WNW,12.7,30.03,
753,627,2016-06-21 11:55:00,87.8,Clear,,21.0,10.0,WNW,9.2,30.0,
754,628,2016-06-21 11:54:00,77.0,Clear,,37.0,10.0,West,8.1,30.05,
755,612,2016-06-21 11:53:00,88.0,Clear,,19.0,10.0,South,4.6,29.99,
756,629,2016-06-21 11:53:00,82.9,Clear,,34.0,10.0,SW,5.8,29.98,
757,630,2016-06-21 11:53:00,88.0,Clear,,25.0,10.0,NNW,8.1,29.96,
758,631,2016-06-21 12:35:00,89.6,Clear,,21.0,10.0,NW,10.4,30.01,
759,632,2016-06-21 12:35:00,89.6,Clear,,21.0,10.0,NW,10.4,30.01,
760,633,2016-06-21 12:53:00,90.0,Partly Cloudy,,25.0,10.0,South,4.6,29.96,
761,634,2016-06-21 12:56:00,73.0,Partly Cloudy,,44.0,10.0,WNW,19.6,30.02,
762,635,2016-06-21 12:47:00,82.4,Clear,,45.0,30.0,North,13.8,30.01,
763,636,2016-06-21 12:56:00,73.0,Partly Cloudy,,44.0,10.0,WNW,19.6,30.02,
764,637,2016-06-21 12:53:00,77.0,Partly Cloudy,,40.0,10.0,WNW,11.5,30.03,
765,638,2016-06-21 12:53:00,87.1,Partly Cloudy,,24.0,10.0,NW,9.2,30.01,
766,639,2016-06-21 12:53:00,87.1,Partly Cloudy,,24.0,10.0,NW,9.2,30.01,
767,640,2016-06-21 12:55:00,91.4,Clear,,20.0,10.0,NNE,5.8,29.99,
768,641,2016-06-21 12:53:00,77.0,Partly Cloudy,,40.0,10.0,WNW,11.5,30.03,
769,642,2016-06-21 12:53:00,77.0,Partly Cloudy,,40.0,10.0,WNW,11.5,30.03,
770,643,2016-06-21 12:53:00,87.1,Partly Cloudy,,24.0,10.0,NW,9.2,30.01,
771,644,2016-06-21 12:53:00,91.9,Clear,,20.0,10.0,Variable,6.9,29.97,
772,645,2016-06-21 13:35:00,93.2,Clear,,20.0,10.0,WNW,3.5,29.97,
773,646,2016-06-21 13:15:00,91.4,Clear,,18.0,10.0,WNW,6.9,29.98,
774,647,2016-06-21 13:35:00,60.8,Haze,,77.0,2.5,NW,17.3,30.07,
775,648,2016-06-21 13:47:00,80.6,Clear,,48.0,30.0,North,13.8,30.0,
776,649,2016-06-21 13:53:00,93.9,Clear,,17.0,10.0,NNW,6.9,29.96,
777,650,2016-06-21 13:53:00,93.9,Clear,,19.0,10.0,Variable,4.6,29.96,
778,651,2016-06-21 13:55:00,93.2,Clear,,12.0,9.0,NW,6.9,29.97,
779,652,2016-06-21 13:53:00,79.0,Partly Cloudy,,38.0,10.0,WNW,12.7,30.01,
780,653,2016-06-21 13:55:00,93.2,Clear,,12.0,9.0,NW,6.9,29.97,
781,654,2016-06-21 13:54:00,82.9,Clear,,26.0,10.0,WNW,11.5,30.03,
782,655,2016-06-21 14:15:00,93.2,Clear,,20.0,10.0,Calm,,29.96,
783,656,2016-06-21 14:53:00,98.1,Clear,,11.0,10.0,NW,11.5,29.91,
784,657,2016-06-21 14:55:00,93.2,Clear,,16.0,10.0,NW,15.0,29.99,
785,658,2016-06-21 14:50:00,84.2,Partly Cloudy,,33.0,10.0,North,10.4,29.99,
786,659,2016-06-21 14:56:00,71.1,Partly Cloudy,,47.0,10.0,WNW,24.2,30.0,
787,660,2016-06-21 14:53:00,77.0,Partly Cloudy,,40.0,10.0,WNW,15.0,30.0,
788,661,2016-06-21 14:53:00,98.1,Clear,,11.0,10.0,NW,11.5,29.91,
789,662,2016-06-21 14:46:00,96.8,Clear,,17.0,10.0,NNW,10.4,29.93,
790,663,2016-06-21 15:05:00,87.8,Clear,,19.0,10.0,WSW,8.1,30.12,
791,664,2016-06-21 15:53:00,97.0,Clear,,13.0,10.0,Variable,3.5,29.91,
792,665,2016-06-21 15:47:00,78.8,Clear,,51.0,30.0,NW,17.3,29.97,
793,666,2016-06-21 15:53:00,99.0,Clear,,18.0,10.0,SSW,8.1,29.92,
794,667,2016-06-21 15:55:00,95.0,Clear,,12.0,10.0,NW,8.1,29.92,
795,668,2016-06-21 15:58:00,96.8,Clear,,17.0,10.0,SSW,10.4,29.91,
796,669,2016-06-21 16:53:00,97.0,Clear,,16.0,10.0,West,5.8,29.88,
797,670,2016-06-21 17:45:00,98.6,Clear,,10.0,10.0,NNW,4.6,29.87,
798,671,2016-06-21 18:55:00,96.8,Clear,,11.0,10.0,WNW,3.5,29.86,
799,672,2016-06-21 18:53:00,93.9,Clear,,23.0,10.0,SW,12.7,29.87,
800,673,2016-06-21 19:15:00,86.0,Clear,,18.0,10.0,West,3.5,30.06,
801,674,2016-06-21 19:35:00,77.0,Clear,,32.0,,ESE,3.5,29.94,
802,675,2016-06-21 19:54:00,66.0,Clear,,59.0,10.0,West,8.1,29.99,
803,676,2016-06-21 19:53:00,84.0,Clear,,15.0,10.0,West,11.5,29.88,
804,677,2016-06-21 19:53:00,73.0,Clear,,42.0,10.0,NW,12.7,29.97,
805,678,2016-06-21 19:53:00,80.1,Clear,,27.0,10.0,NW,9.2,29.93,
806,679,2016-06-21 19:56:00,61.0,Partly Cloudy,,67.0,10.0,WNW,20.7,29.98,
807,680,2016-06-21 19:54:00,66.0,Clear,,59.0,10.0,West,8.1,29.99,
808,681,2016-06-21 19:55:00,88.0,Clear,,24.0,10.0,West,15.0,29.89,
809,682,2016-06-21 19:53:00,80.1,Clear,,27.0,10.0,NW,9.2,29.93,
810,683,2016-06-21 20:55:00,81.0,Clear,,31.0,10.0,WNW,6.9,29.9,
811,684,2016-06-21 20:56:00,78.1,Clear,,32.0,10.0,North,9.2,29.94,
812,685,2016-06-21 20:53:00,80.1,Clear,,23.0,10.0,SSW,9.2,29.88,
813,686,2016-06-21 21:35:00,80.6,Clear,,23.0,10.0,SSW,9.2,29.89,
814,686,2016-06-21 21:35:00,80.6,Clear,,23.0,10.0,SSW,9.2,29.89,
815,687,2016-06-21 21:35:00,80.6,Clear,,23.0,10.0,SSW,9.2,29.89,
816,688,2016-06-21 21:53:00,59.0,Clear,,69.0,8.0,South,4.6,29.92,
817,689,2016-06-21 21:56:00,64.0,Clear,,73.0,10.0,North,10.4,30.01,
818,690,2016-06-21 21:53:00,64.9,Clear,,63.0,10.0,WNW,5.8,29.99,
819,691,2016-06-21 22:53:00,72.0,Clear,,38.0,10.0,SSW,10.4,29.89,
820,692,2016-06-21 22:55:00,69.8,Clear,,40.0,10.0,South,4.6,29.89,
821,693,2016-06-21 23:53:00,71.1,Clear,,41.0,10.0,SE,9.2,29.87,
822,694,2016-06-22 00:54:00,59.0,Clear,,72.0,10.0,West,8.1,30.02,
823,695,2016-06-22 00:25:00,73.4,Clear,,23.0,10.0,Calm,,30.08,
824,696,2016-06-22 00:56:00,64.0,Clear,,54.0,10.0,Calm,,29.94,
825,697,2016-06-22 01:53:00,57.9,Partly Cloudy,,75.0,10.0,West,6.9,29.99,
826,698,2016-06-22 01:53:00,62.1,Clear,,60.0,10.0,South,16.1,29.89,
827,699,2016-06-22 01:53:00,52.0,Clear,,86.0,7.0,Calm,,29.92,
828,700,2016-06-22 01:53:00,62.1,Clear,,60.0,10.0,South,16.1,29.89,
829,701,2016-06-22 07:47:00,64.4,Clear,,64.0,10.0,Variable,5.8,30.02,
830,702,2016-06-22 03:53:00,59.0,Clear,,78.0,10.0,NW,3.5,29.97,
831,703,2016-06-22 04:53:00,55.9,Mostly Cloudy,,80.0,10.0,WNW,10.4,29.98,
832,704,2016-06-22 05:54:00,57.0,Partly Cloudy,,74.0,8.0,West,8.1,30.01,
833,705,2016-06-22 06:47:00,57.2,Haze,,88.0,8.0,Calm,,29.99,
834,706,2016-06-22 06:55:00,50.0,Clear,,94.0,5.0,Calm,,29.98,
835,707,2016-06-22 06:56:00,55.9,Partly Cloudy,,80.0,10.0,West,10.4,30.0,
836,708,2016-06-22 07:15:00,64.4,Clear,,56.0,7.0,SSE,12.7,29.92,
837,709,2016-06-22 07:53:00,62.1,Clear,,65.0,10.0,WNW,8.1,29.97,
838,710,2016-06-22 08:35:00,77.0,Clear,,24.0,10.0,SE,6.9,30.03,
839,711,2016-06-22 08:54:00,62.1,Clear,,70.0,10.0,WSW,10.4,29.96,
840,712,2016-06-22 09:14:00,57.0,Overcast,,87.0,8.0,Calm,,30.03,
841,713,2016-06-22 08:53:00,66.0,Clear,,56.0,10.0,WNW,8.1,29.97,
842,714,2016-06-22 09:55:00,80.1,Clear,,32.0,10.0,WNW,4.6,29.93,
843,715,2016-06-22 09:53:00,70.0,Clear,,53.0,10.0,NW,6.9,30.0,
844,716,2016-06-22 09:53:00,72.0,Clear,,43.0,10.0,SSW,12.7,29.92,
845,717,2016-06-22 09:53:00,72.0,Clear,,43.0,10.0,SSW,12.7,29.92,
846,718,2016-06-22 09:47:00,66.2,Partly Cloudy,,52.0,10.0,West,10.4,30.01,
847,719,2016-06-22 09:45:00,73.4,Clear,,41.0,10.0,SSW,5.8,29.93,
848,720,2016-06-22 09:54:00,61.0,Partly Cloudy,,64.0,10.0,WNW,12.7,30.05,
849,611,2016-06-22 09:53:00,72.0,Clear,,43.0,10.0,SSW,12.7,29.92,
850,721,2016-06-22 09:53:00,70.0,Clear,,49.0,10.0,WNW,6.9,29.97,
851,722,2016-06-22 10:15:00,75.2,Clear,,38.0,7.0,South,9.2,29.94,
852,723,2016-06-22 10:47:00,66.2,Partly Cloudy,,52.0,10.0,West,13.8,30.02,
853,724,2016-06-22 09:53:00,64.0,Clear,,63.0,8.0,Variable,6.9,30.04,
854,725,2016-06-22 10:53:00,61.0,Mostly Cloudy,,70.0,10.0,Variable,6.9,30.03,
855,726,2016-06-22 10:53:00,77.0,Clear,,43.0,10.0,SW,6.9,29.93,
856,727,2016-06-22 10:55:00,69.8,Clear,,53.0,,SW,8.1,29.98,
857,728,2016-06-22 10:55:00,68.0,Clear,,52.0,9.0,WNW,6.9,30.0,
858,729,2016-06-22 10:53:00,75.0,Clear,,40.0,10.0,SSW,16.1,29.92,
859,730,2016-06-22 10:53:00,75.0,Clear,,40.0,10.0,SSW,16.1,29.92,
860,731,2016-06-22 10:53:00,66.9,Clear,,63.0,10.0,SE,4.6,30.03,
861,732,2016-06-22 10:54:00,57.9,Scattered Clouds,,78.0,8.0,West,10.4,30.1,
862,733,2016-06-22 10:53:00,75.0,Clear,,41.0,10.0,WNW,10.4,29.97,
863,734,2016-06-22 10:53:00,63.0,Clear,,67.0,9.0,West,15.0,30.05,
864,735,2016-06-22 10:54:00,69.1,Clear,,57.0,10.0,SSW,13.8,29.95,
865,736,2016-06-22 10:56:00,66.9,Clear,,63.0,10.0,North,9.2,30.03,
866,737,2016-06-22 10:53:00,72.0,Clear,,49.0,10.0,WNW,6.9,30.01,
867,738,2016-06-22 10:53:00,75.0,Clear,,41.0,10.0,WNW,10.4,29.97,
868,739,2016-06-22 10:53:00,75.0,Clear,,40.0,10.0,SSW,16.1,29.92,
869,740,2016-06-22 11:10:00,62.1,Scattered Clouds,,67.0,10.0,West,8.1,30.03,
870,741,2016-06-22 10:53:00,75.0,Clear,,40.0,10.0,SSW,16.1,29.92,
871,742,2016-06-22 11:53:00,78.1,Clear,,37.0,10.0,NW,9.2,29.97,
872,743,2016-06-22 11:01:00,57.9,Overcast,,78.0,8.0,WNW,11.5,30.06,
873,744,2016-06-22 11:50:00,77.0,Clear,,41.0,10.0,WNW,16.1,30.02,
874,745,2016-06-22 10:53:00,77.0,Clear,,43.0,10.0,SW,6.9,29.93,
875,746,2016-06-22 11:15:00,80.6,Clear,,32.0,8.0,South,8.1,29.94,
876,747,2016-06-22 11:46:00,82.4,Clear,,32.0,10.0,SSW,5.8,29.93,
877,748,2016-06-22 11:53:00,78.1,Clear,,37.0,10.0,NW,9.2,29.97,
878,717,2016-06-22 11:53:00,78.1,Clear,,35.0,10.0,SSW,17.3,29.92,
879,749,2016-06-22 11:56:00,69.1,Clear,,58.0,10.0,North,10.4,30.03,
880,750,2016-06-22 11:53:00,72.0,Clear,,53.0,10.0,WNW,10.4,30.01,
881,751,2016-06-22 11:53:00,81.0,Clear,,38.0,10.0,Variable,5.8,29.93,
882,752,2016-06-22 11:53:00,81.0,Clear,,38.0,10.0,Variable,5.8,29.93,
883,753,2016-06-22 12:53:00,81.0,Clear,,30.0,10.0,South,15.0,29.91,
884,754,2016-06-22 11:55:00,88.0,Clear,,21.0,10.0,West,11.5,29.93,
885,739,2016-06-22 12:53:00,81.0,Clear,,30.0,10.0,South,15.0,29.91,
886,755,2016-06-22 12:54:00,64.0,Clear,,60.0,10.0,West,11.5,30.05,
887,603,2016-06-22 12:56:00,69.1,Clear,,58.0,10.0,North,11.5,30.03,
888,756,2016-06-22 12:53:00,73.9,Clear,,50.0,10.0,WNW,11.5,30.0,
889,757,2016-06-22 12:56:00,63.0,Partly Cloudy,,63.0,10.0,West,21.9,30.03,
890,758,2016-06-22 12:54:00,73.9,Clear,,50.0,10.0,SSW,15.0,29.94,
891,759,2016-06-22 12:53:00,64.9,Partly Cloudy,,61.0,10.0,West,11.5,30.02,
892,750,2016-06-22 12:53:00,73.9,Clear,,50.0,10.0,WNW,11.5,30.0,
893,760,2016-06-22 12:53:00,64.9,Partly Cloudy,,61.0,10.0,West,11.5,30.02,
894,761,2016-06-22 12:53:00,64.9,Partly Cloudy,,61.0,10.0,West,11.5,30.02,
895,762,2016-06-22 12:53:00,81.0,Clear,,30.0,10.0,South,15.0,29.91,
896,763,2016-06-22 12:53:00,84.0,Clear,,33.0,10.0,SSW,8.1,29.92,
897,764,2016-06-22 13:54:00,71.6,Partly Cloudy,,50.0,10.0,NNW,12.7,30.0,
898,765,2016-06-22 13:35:00,89.6,Clear,,24.0,9.0,SE,3.5,29.91,
899,766,2016-06-22 13:53:00,64.9,Partly Cloudy,,61.0,10.0,West,9.2,30.02,
900,767,2016-06-22 13:53:00,82.9,Clear,,29.0,10.0,SSW,13.8,29.9,
901,768,2016-06-22 13:55:00,89.6,Clear,,22.0,9.0,Calm,,29.91,
902,769,2016-06-22 13:55:00,89.6,Clear,,22.0,9.0,Calm,,29.91,
903,770,2016-06-22 13:47:00,69.8,Clear,,64.0,10.0,NNW,18.4,30.0,
904,771,2016-06-22 13:45:00,89.6,Clear,,24.0,10.0,SW,9.2,29.9,
905,772,2016-06-22 13:53:00,87.1,Clear,,27.0,10.0,South,5.8,29.9,
906,773,2016-06-22 14:53:00,84.0,Clear,,27.0,10.0,South,12.7,29.89,
907,774,2016-06-22 14:25:00,84.2,Clear,,15.0,10.0,SSW,6.9,30.06,
908,775,2016-06-22 14:53:00,71.1,Clear,,53.0,10.0,SSE,9.2,30.0,
909,776,2016-06-22 14:56:00,70.0,Clear,,59.0,10.0,NNW,12.7,30.01,
910,777,2016-06-22 14:55:00,95.0,Clear,,19.0,10.0,NW,11.5,29.9,
911,778,2016-06-22 14:55:00,75.2,Clear,,41.0,10.0,West,11.5,29.99,
912,779,2016-06-22 15:15:00,93.2,Clear,,19.0,10.0,SSW,8.1,29.89,
913,780,2016-06-22 15:53:00,66.0,Partly Cloudy,,59.0,10.0,West,13.8,30.01,
914,781,2016-06-22 15:53:00,75.0,Clear,,48.0,10.0,WNW,13.8,29.98,
915,782,2016-06-22 15:55:00,91.4,Clear,,20.0,10.0,South,5.8,29.97,
916,783,2016-06-22 15:55:00,93.2,Clear,,19.0,10.0,South,10.4,29.88,
917,784,2016-06-22 15:45:00,84.2,Clear,,13.0,10.0,SSW,5.8,30.05,
918,785,2016-06-22 16:53:00,73.0,Clear,,51.0,10.0,WNW,16.1,29.98,
919,786,2016-06-22 16:35:00,93.2,Clear,,19.0,10.0,SSW,11.5,29.87,
920,787,2016-06-22 16:55:00,93.2,Clear,,17.0,9.0,South,10.4,29.87,
921,788,2016-06-22 16:35:00,93.2,Clear,,19.0,10.0,SSW,11.5,29.87,
922,789,2016-06-22 16:45:00,86.0,Clear,,13.0,10.0,SSW,4.6,30.05,
923,790,2016-06-22 17:55:00,89.6,Clear,,29.0,10.0,SSW,8.1,29.85,
924,791,2016-06-22 17:54:00,63.0,Clear,,63.0,10.0,West,9.2,30.02,
925,792,2016-06-22 17:55:00,91.4,Clear,,15.0,10.0,SW,6.9,29.95,
926,793,2016-06-22 18:15:00,91.4,Clear,,17.0,10.0,South,8.1,29.95,
927,794,2016-06-22 17:53:00,72.0,Clear,,49.0,10.0,WNW,11.5,29.98,
928,795,2016-06-22 18:53:00,71.1,Clear,,47.0,10.0,WNW,9.2,29.99,
929,796,2016-06-22 18:53:00,63.0,Partly Cloudy,,65.0,10.0,WSW,11.5,30.0,
930,797,2016-06-22 18:56:00,62.1,Partly Cloudy,,62.0,10.0,West,12.7,30.0,
931,798,2016-06-22 18:54:00,64.0,Clear,,60.0,10.0,West,12.7,30.03,
932,799,2016-06-22 18:53:00,75.9,Clear,,38.0,10.0,SSW,16.1,29.88,
933,800,2016-06-22 18:53:00,84.0,Clear,,31.0,10.0,SSW,9.2,29.85,
934,801,2016-06-22 19:15:00,86.0,Clear,,27.0,9.0,South,10.4,29.86,
935,802,2016-06-22 19:35:00,84.2,Clear,,30.0,10.0,SW,10.4,29.85,
936,803,2016-06-22 19:53:00,78.1,Clear,,37.0,10.0,South,8.1,29.86,
937,804,2016-06-22 19:53:00,78.1,Clear,,37.0,10.0,South,8.1,29.86,
938,805,2016-06-22 19:35:00,87.8,Clear,,21.0,10.0,South,8.1,29.95,
939,806,2016-06-22 19:55:00,82.4,Clear,,30.0,9.0,South,12.7,29.87,
940,807,2016-06-22 19:55:00,81.0,Clear,,21.0,10.0,West,16.1,29.88,
941,808,2016-06-22 19:55:00,81.0,Clear,,21.0,10.0,West,16.1,29.88,
942,809,2016-06-22 19:55:00,82.4,Clear,,30.0,9.0,South,12.7,29.87,
943,810,2016-06-22 20:15:00,75.2,Clear,,21.0,10.0,South,6.9,30.03,
944,811,2016-06-22 19:55:00,81.0,Clear,,21.0,10.0,West,16.1,29.88,
945,812,2016-06-22 20:53:00,64.0,Clear,,63.0,10.0,NW,6.9,30.0,
946,813,2016-06-22 20:55:00,77.0,Clear,,34.0,9.0,South,15.0,29.88,
947,814,2016-06-22 21:05:00,75.2,Clear,,27.0,10.0,Calm,,30.04,
948,815,2016-06-22 21:35:00,75.2,Clear,,36.0,10.0,South,11.5,29.89,
949,816,2016-06-22 21:56:00,57.0,Partly Cloudy,,77.0,10.0,West,12.7,30.02,
950,817,2016-06-22 21:54:00,59.0,Clear,,69.0,10.0,West,8.1,30.05,
951,818,2016-06-22 22:15:00,71.6,Clear,,41.0,10.0,SSE,9.2,29.91,
952,819,2016-06-22 22:15:00,53.6,Mostly Cloudy,,88.0,7.0,North,,30.01,
953,820,2016-06-22 21:53:00,59.0,Partly Cloudy,,75.0,10.0,WSW,12.7,30.01,
954,821,2016-06-22 22:53:00,78.1,Clear,,15.0,10.0,NNW,10.4,29.91,
955,822,2016-06-22 22:35:00,69.8,Clear,,28.0,10.0,SE,9.2,30.05,
956,823,2016-06-22 23:54:00,55.9,Light Rain,,80.0,10.0,WSW,9.2,29.96,0.0
957,824,2016-06-22 23:53:00,59.0,Clear,,72.0,10.0,NNW,3.5,30.03,
958,825,2016-06-22 23:55:00,66.0,Clear,,42.0,10.0,WNW,6.9,29.94,
959,826,2016-06-23 00:53:00,59.0,Clear,,72.0,10.0,NW,5.8,30.03,
960,827,2016-06-23 01:56:00,55.9,Clear,,84.0,10.0,NE,3.5,30.05,
961,828,2016-06-23 01:28:00,57.0,Scattered Clouds,,77.0,10.0,West,10.4,30.04,
962,829,2016-06-23 01:53:00,57.9,Clear,,75.0,10.0,NW,4.6,30.04,
963,830,2016-06-23 02:53:00,55.0,Clear,,80.0,10.0,WNW,10.4,30.01,
964,831,2016-06-23 01:53:00,55.9,Clear,,77.0,10.0,West,12.7,30.01,
965,832,2016-06-23 02:53:00,55.9,Overcast,,80.0,10.0,WSW,8.1,30.04,
966,833,2016-06-23 02:54:00,54.0,Light Rain,,83.0,10.0,WSW,5.8,29.98,0.0
967,834,2016-06-23 03:56:00,54.0,Partly Cloudy,,86.0,10.0,West,11.5,30.04,
968,835,2016-06-23 03:54:00,57.0,Mostly Cloudy,,77.0,10.0,West,9.2,30.06,
969,836,2016-06-23 05:53:00,55.9,Mostly Cloudy,,80.0,10.0,WNW,4.6,30.06,
970,837,2016-06-23 06:53:00,57.9,Scattered Clouds,,78.0,10.0,Calm,,30.07,
971,838,2016-06-23 07:55:00,68.0,Clear,,49.0,10.0,WNW,4.6,30.02,
972,839,2016-06-23 07:15:00,64.4,Clear,,45.0,10.0,SSE,10.4,29.98,
973,840,2016-06-23 06:55:00,62.1,Clear,,58.0,10.0,WNW,4.6,30.0,
974,841,2016-06-23 08:56:00,59.0,Partly Cloudy,,72.0,10.0,NW,16.1,30.08,
975,842,2016-06-23 08:53:00,64.0,Clear,,65.0,10.0,Variable,3.5,30.08,
976,843,2016-06-23 08:55:00,64.4,Clear,,68.0,9.0,WNW,3.5,30.09,
977,844,2016-06-23 08:55:00,68.0,Clear,,46.0,10.0,South,10.4,30.03,
978,845,2016-06-23 09:54:00,66.0,Clear,,54.0,10.0,Variable,6.9,30.04,
979,846,2016-06-23 08:47:00,66.2,Clear,,56.0,10.0,Calm,,30.1,
980,847,2016-06-23 08:55:00,72.0,Clear,,38.0,10.0,Calm,,30.02,
981,848,2016-06-23 09:35:00,71.6,Clear,,38.0,9.0,South,8.1,30.03,
982,849,2016-06-23 09:35:00,64.4,Clear,,56.0,9.0,West,5.8,30.09,
983,850,2016-06-23 09:35:00,71.6,Clear,,38.0,9.0,South,8.1,30.03,
984,851,2016-06-23 09:53:00,79.0,Clear,,29.0,10.0,North,8.1,30.01,
985,852,2016-06-23 09:56:00,61.0,Partly Cloudy,,62.0,10.0,WNW,19.6,30.08,
986,853,2016-06-23 09:53:00,68.0,Clear,,50.0,10.0,Calm,,30.08,
987,854,2016-06-23 09:53:00,68.0,Clear,,50.0,10.0,Calm,,30.08,
988,855,2016-06-23 09:53:00,71.1,Clear,,44.0,10.0,West,9.2,30.05,
989,856,2016-06-23 09:55:00,78.8,Clear,,20.0,10.0,South,5.8,30.06,
990,857,2016-06-23 09:53:00,75.0,Clear,,26.0,10.0,West,8.1,30.0,
991,858,2016-06-23 09:53:00,71.1,Clear,,44.0,10.0,West,9.2,30.05,
992,859,2016-06-23 10:15:00,75.2,Clear,,41.0,10.0,SSE,4.6,30.03,
993,860,2016-06-23 10:53:00,78.1,Clear,,24.0,10.0,West,9.2,30.01,
994,831,2016-06-23 09:53:00,71.1,Clear,,44.0,10.0,West,9.2,30.05,
995,861,2016-06-23 10:35:00,77.0,Clear,,34.0,8.0,SSW,5.8,30.03,
996,862,2016-06-23 10:35:00,77.0,Clear,,34.0,8.0,SSW,5.8,30.03,
997,863,2016-06-23 10:46:00,77.0,Clear,,34.0,10.0,SW,3.5,30.02,
